-- phpMyAdmin SQL Dump
-- version 5.2.1
-- https://www.phpmyadmin.net/
--
-- Host: 127.0.0.1
-- Generation Time: Jun 05, 2025 at 05:08 AM
-- Server version: 10.4.32-MariaDB
-- PHP Version: 8.2.12

SET SQL_MODE = "NO_AUTO_VALUE_ON_ZERO";
START TRANSACTION;
SET time_zone = "+00:00";


/*!40101 SET @OLD_CHARACTER_SET_CLIENT=@@CHARACTER_SET_CLIENT */;
/*!40101 SET @OLD_CHARACTER_SET_RESULTS=@@CHARACTER_SET_RESULTS */;
/*!40101 SET @OLD_COLLATION_CONNECTION=@@COLLATION_CONNECTION */;
/*!40101 SET NAMES utf8mb4 */;

--
-- Database: `exam_project_db`
--

-- --------------------------------------------------------

--
-- Table structure for table `posts`
--

CREATE TABLE `posts` (
  `id` int(11) NOT NULL,
  `user_id` int(11) NOT NULL,
  `title` varchar(255) NOT NULL,
  `content` text NOT NULL,
  `created_at` timestamp NOT NULL DEFAULT current_timestamp()
) ENGINE=InnoDB DEFAULT CHARSET=utf8mb4 COLLATE=utf8mb4_general_ci;

--
-- Dumping data for table `posts`
--

INSERT INTO `posts` (`id`, `user_id`, `title`, `content`, `created_at`) VALUES
(15, 24, 'Post 1 from User 24', 'Random content a233457b516d7a49ad9e', '2025-06-05 03:05:33'),
(16, 24, 'Post 2 from User 24', 'Random content c47e2c5a7b618d2f6c31', '2025-06-05 03:05:33'),
(17, 24, 'Post 3 from User 24', 'Random content b96c8b44ac35612f9922', '2025-06-05 03:05:33'),
(18, 24, 'Post 4 from User 24', 'Random content d2e9feb7a54faa860193', '2025-06-05 03:05:33'),
(19, 24, 'Post 5 from User 24', 'Random content d82c1cc58e4cc2a2a9cc', '2025-06-05 03:05:33'),
(20, 24, 'Post 6 from User 24', 'Random content 79fe0045b6cc28abb54e', '2025-06-05 03:05:33'),
(21, 8, 'Post 1 from User 8', 'Random content 7a715cc6b71145e2d3ef', '2025-06-05 03:05:33'),
(22, 8, 'Post 2 from User 8', 'Random content ae16411c49058718c242', '2025-06-05 03:05:33'),
(23, 8, 'Post 3 from User 8', 'Random content 2b2e8967dc76c9ed4dbf', '2025-06-05 03:05:33'),
(24, 8, 'Post 4 from User 8', 'Random content 8f3ebcc78bd48d56aa3c', '2025-06-05 03:05:33'),
(25, 8, 'Post 5 from User 8', 'Random content 876f0d402c783d194ed1', '2025-06-05 03:05:33'),
(26, 8, 'Post 6 from User 8', 'Random content 511b3578369e72a31709', '2025-06-05 03:05:33'),
(27, 23, 'Post 1 from User 23', 'Random content 2fc21244065f60e8e020', '2025-06-05 03:05:33'),
(28, 23, 'Post 2 from User 23', 'Random content aa62db5df8cbfc1b7e34', '2025-06-05 03:05:33'),
(29, 23, 'Post 3 from User 23', 'Random content ba6c33e04c4714c21aba', '2025-06-05 03:05:33'),
(30, 23, 'Post 4 from User 23', 'Random content f79d29cc7dbb2d507138', '2025-06-05 03:05:33'),
(31, 23, 'Post 5 from User 23', 'Random content 2aa65e660b24fae23383', '2025-06-05 03:05:33'),
(32, 23, 'Post 6 from User 23', 'Random content fbc5f49bb9192c375ea2', '2025-06-05 03:05:33'),
(33, 10, 'Post 1 from User 10', 'Random content bf718bbf7ea78fc7889e', '2025-06-05 03:05:33'),
(34, 10, 'Post 2 from User 10', 'Random content 096f3ac62db3f9eb4abf', '2025-06-05 03:05:34'),
(35, 10, 'Post 3 from User 10', 'Random content 9c81c3997a466a1db10e', '2025-06-05 03:05:34'),
(36, 10, 'Post 4 from User 10', 'Random content 8561ae4d676903572271', '2025-06-05 03:05:34'),
(37, 10, 'Post 5 from User 10', 'Random content 503070c4cf3b566cee16', '2025-06-05 03:05:34'),
(38, 10, 'Post 6 from User 10', 'Random content 10bd13edadee335bf107', '2025-06-05 03:05:34'),
(39, 9, 'Post 1 from User 9', 'Random content 9664f90e28db30b74841', '2025-06-05 03:05:34'),
(40, 9, 'Post 2 from User 9', 'Random content 1b1bd7382b30f1f4d082', '2025-06-05 03:05:34'),
(41, 9, 'Post 3 from User 9', 'Random content 6ccd65414c69d19e8f6c', '2025-06-05 03:05:34'),
(42, 9, 'Post 4 from User 9', 'Random content 52b5fbb10f685efd8510', '2025-06-05 03:05:34'),
(43, 9, 'Post 5 from User 9', 'Random content 174bdf9ef91eb3a25369', '2025-06-05 03:05:34'),
(44, 9, 'Post 6 from User 9', 'Random content 3de0c6c64456054c919e', '2025-06-05 03:05:34'),
(45, 17, 'Post 1 from User 17', 'Random content dfef83250c2d68e4b99e', '2025-06-05 03:05:34'),
(46, 17, 'Post 2 from User 17', 'Random content 9004df1daa239013132c', '2025-06-05 03:05:34'),
(47, 17, 'Post 3 from User 17', 'Random content 9bfffdc90c583975be25', '2025-06-05 03:05:34'),
(48, 17, 'Post 4 from User 17', 'Random content e559545ca7a211405d06', '2025-06-05 03:05:34'),
(49, 17, 'Post 5 from User 17', 'Random content d60703b82abc48e089c6', '2025-06-05 03:05:34'),
(50, 7, 'Post 1 from User 7', 'Random content 8e555302b9743c9fb4e2', '2025-06-05 03:05:34'),
(51, 7, 'Post 2 from User 7', 'Random content 24cc09b3d7db20badab9', '2025-06-05 03:05:34'),
(52, 7, 'Post 3 from User 7', 'Random content ca73d91415378989cd7a', '2025-06-05 03:05:34'),
(53, 7, 'Post 4 from User 7', 'Random content 1d18d50828da23012e85', '2025-06-05 03:05:34'),
(54, 7, 'Post 5 from User 7', 'Random content 9b65ec77e898a14635d2', '2025-06-05 03:05:34'),
(55, 7, 'Post 6 from User 7', 'Random content 73e4c087a61d922c8a68', '2025-06-05 03:05:34'),
(56, 6, 'Post 1 from User 6', 'Random content 9ef5b7456fbc06be412b', '2025-06-05 03:05:34'),
(57, 6, 'Post 2 from User 6', 'Random content 02b849737981b361b451', '2025-06-05 03:05:34'),
(58, 6, 'Post 3 from User 6', 'Random content 344a2d549ae644de691e', '2025-06-05 03:05:34'),
(59, 6, 'Post 4 from User 6', 'Random content 1a29cf69bcca0f173857', '2025-06-05 03:05:34'),
(60, 6, 'Post 5 from User 6', 'Random content c53af5db3e2542d6c605', '2025-06-05 03:05:34'),
(61, 14, 'Post 1 from User 14', 'Random content 8daa3cd473c901f3646f', '2025-06-05 03:05:34'),
(62, 14, 'Post 2 from User 14', 'Random content d8dc81f36712462f7737', '2025-06-05 03:05:34'),
(63, 14, 'Post 3 from User 14', 'Random content b05b86b5650ddc5eb475', '2025-06-05 03:05:34'),
(64, 14, 'Post 4 from User 14', 'Random content e053e55e745ff533f3ab', '2025-06-05 03:05:34'),
(65, 14, 'Post 5 from User 14', 'Random content 5e817ce44aa025d9ead8', '2025-06-05 03:05:34'),
(66, 18, 'Post 1 from User 18', 'Random content d62601e7ebb5db770300', '2025-06-05 03:05:34'),
(67, 18, 'Post 2 from User 18', 'Random content 26bc7aa84b84b5cb1e95', '2025-06-05 03:05:34'),
(68, 18, 'Post 3 from User 18', 'Random content cd101a5ebdca17cce784', '2025-06-05 03:05:34'),
(69, 18, 'Post 4 from User 18', 'Random content 6942e1c3809aca6aa0d9', '2025-06-05 03:05:34'),
(70, 18, 'Post 5 from User 18', 'Random content c7399fb9aa196d39bdb6', '2025-06-05 03:05:34'),
(71, 18, 'Post 6 from User 18', 'Random content e48737b4bbc465b52539', '2025-06-05 03:05:34'),
(72, 18, 'Post 7 from User 18', 'Random content 8594a3447e93ddc91e70', '2025-06-05 03:05:34'),
(73, 20, 'Post 1 from User 20', 'Random content d3483438b54b064f1d44', '2025-06-05 03:05:34'),
(74, 20, 'Post 2 from User 20', 'Random content 56e28248b260827a2fb8', '2025-06-05 03:05:34'),
(75, 20, 'Post 3 from User 20', 'Random content 0f74ce19208a02c7f8ef', '2025-06-05 03:05:34'),
(76, 20, 'Post 4 from User 20', 'Random content e8352ab6957976a20f8e', '2025-06-05 03:05:34'),
(77, 20, 'Post 5 from User 20', 'Random content 495080cf11023a174030', '2025-06-05 03:05:34'),
(78, 20, 'Post 6 from User 20', 'Random content 7b3f76e5ba3821e39c0c', '2025-06-05 03:05:34'),
(79, 1, 'Post 1 from User 1', 'Random content ba92e868f1adef8c1143', '2025-06-05 03:05:34'),
(80, 1, 'Post 2 from User 1', 'Random content 1b915e05a2d55f57b234', '2025-06-05 03:05:34'),
(81, 1, 'Post 3 from User 1', 'Random content fbddca80bfa499d69b89', '2025-06-05 03:05:34'),
(82, 1, 'Post 4 from User 1', 'Random content 8e41534680ca226e1cb1', '2025-06-05 03:05:34'),
(83, 1, 'Post 5 from User 1', 'Random content d5cc2b4eb6d1dacc1d71', '2025-06-05 03:05:34'),
(84, 1, 'Post 6 from User 1', 'Random content 9973617e10809fe5ccfc', '2025-06-05 03:05:34'),
(85, 2, 'Post 1 from User 2', 'Random content 366cdd664db481082ff1', '2025-06-05 03:05:34'),
(86, 2, 'Post 2 from User 2', 'Random content 7caabb08a496e0fd7a9b', '2025-06-05 03:05:34'),
(87, 2, 'Post 3 from User 2', 'Random content 8a6983c04c6c99ac0645', '2025-06-05 03:05:34'),
(88, 2, 'Post 4 from User 2', 'Random content 7d96f45490f212c246d8', '2025-06-05 03:05:34'),
(89, 2, 'Post 5 from User 2', 'Random content af8839c71e8c7693dd41', '2025-06-05 03:05:34'),
(90, 15, 'Post 1 from User 15', 'Random content 8be288e6504c9e106344', '2025-06-05 03:05:34'),
(91, 15, 'Post 2 from User 15', 'Random content 2e6374198baa7dd27a0b', '2025-06-05 03:05:34'),
(92, 15, 'Post 3 from User 15', 'Random content 1d7a93046e10d65e7a13', '2025-06-05 03:05:34'),
(93, 15, 'Post 4 from User 15', 'Random content f4809f2bb157994054e6', '2025-06-05 03:05:34'),
(94, 15, 'Post 5 from User 15', 'Random content b84df41c141e59b4c69e', '2025-06-05 03:05:34'),
(95, 15, 'Post 6 from User 15', 'Random content 0ddb7ead615529d0f15c', '2025-06-05 03:05:34'),
(96, 19, 'Post 1 from User 19', 'Random content 0d0fe6c8cc5cdc97fe8d', '2025-06-05 03:05:34'),
(97, 19, 'Post 2 from User 19', 'Random content ec73245e9aca0409d00f', '2025-06-05 03:05:34'),
(98, 19, 'Post 3 from User 19', 'Random content 1ee8fd7bb8475d4d8046', '2025-06-05 03:05:34'),
(99, 19, 'Post 4 from User 19', 'Random content 2242389e7654ef6fb215', '2025-06-05 03:05:34'),
(100, 19, 'Post 5 from User 19', 'Random content 6ae0476d92e30694c24c', '2025-06-05 03:05:34'),
(101, 19, 'Post 6 from User 19', 'Random content 216ffb2d44fda8d47f6b', '2025-06-05 03:05:34'),
(102, 12, 'Post 1 from User 12', 'Random content 0d04803bcc89ba4a2b21', '2025-06-05 03:05:34'),
(103, 12, 'Post 2 from User 12', 'Random content 0118d84bc1901cf8d341', '2025-06-05 03:05:34'),
(104, 12, 'Post 3 from User 12', 'Random content 0827cb026075f50e277b', '2025-06-05 03:05:34'),
(105, 12, 'Post 4 from User 12', 'Random content 1606e279213928c3e81e', '2025-06-05 03:05:34'),
(106, 12, 'Post 5 from User 12', 'Random content d9bd08e056b76d8fbcb1', '2025-06-05 03:05:34'),
(107, 12, 'Post 6 from User 12', 'Random content 68181451517e91d08299', '2025-06-05 03:05:34'),
(108, 11, 'Post 1 from User 11', 'Random content 56df58845c0c78db6e95', '2025-06-05 03:05:34'),
(109, 11, 'Post 2 from User 11', 'Random content a631a3f29bfabbe751d0', '2025-06-05 03:05:34'),
(110, 11, 'Post 3 from User 11', 'Random content 316eee7cb73102ec76aa', '2025-06-05 03:05:34'),
(111, 11, 'Post 4 from User 11', 'Random content eb5cd6761a8b4a15c4fa', '2025-06-05 03:05:34'),
(112, 11, 'Post 5 from User 11', 'Random content a0f767e3577198406626', '2025-06-05 03:05:34'),
(113, 11, 'Post 6 from User 11', 'Random content 54a99918225612d6dab2', '2025-06-05 03:05:34'),
(114, 11, 'Post 7 from User 11', 'Random content f897d13f898730361f56', '2025-06-05 03:05:34'),
(115, 4, 'Post 1 from User 4', 'Random content cbba2023b9dea1d59b98', '2025-06-05 03:05:34'),
(116, 4, 'Post 2 from User 4', 'Random content 00ce3449866a256a5dcb', '2025-06-05 03:05:34'),
(117, 4, 'Post 3 from User 4', 'Random content a53621daf32336cf7fb4', '2025-06-05 03:05:34'),
(118, 4, 'Post 4 from User 4', 'Random content c6f27f51999578e83815', '2025-06-05 03:05:34'),
(119, 4, 'Post 5 from User 4', 'Random content 06d9f772a9a1fec37984', '2025-06-05 03:05:34'),
(120, 22, 'Post 1 from User 22', 'Random content 7a7fca2f7533ce48c9cb', '2025-06-05 03:05:34'),
(121, 22, 'Post 2 from User 22', 'Random content 0c8091a36700f7831254', '2025-06-05 03:05:34'),
(122, 22, 'Post 3 from User 22', 'Random content 2c0f545e01ad49d6b7c4', '2025-06-05 03:05:34'),
(123, 22, 'Post 4 from User 22', 'Random content a73f7561449f7dbdd96d', '2025-06-05 03:05:34'),
(124, 22, 'Post 5 from User 22', 'Random content ea11b79ae816fedb3c6e', '2025-06-05 03:05:34'),
(125, 22, 'Post 6 from User 22', 'Random content 70542e070af3b8df7996', '2025-06-05 03:05:34'),
(126, 5, 'Post 1 from User 5', 'Random content f46c9051e9f050dd7ffa', '2025-06-05 03:05:34'),
(127, 5, 'Post 2 from User 5', 'Random content bf9f5c69ce09acc217c1', '2025-06-05 03:05:34'),
(128, 5, 'Post 3 from User 5', 'Random content e6d68126d94b1536583f', '2025-06-05 03:05:34'),
(129, 5, 'Post 4 from User 5', 'Random content c0dbb33d9b1316c26cab', '2025-06-05 03:05:34'),
(130, 5, 'Post 5 from User 5', 'Random content c480b6db3378b42d6092', '2025-06-05 03:05:34'),
(131, 16, 'Post 1 from User 16', 'Random content 28875208b334025641b6', '2025-06-05 03:05:34'),
(132, 16, 'Post 2 from User 16', 'Random content 7f6afa6541ca5a8fc2a4', '2025-06-05 03:05:34'),
(133, 16, 'Post 3 from User 16', 'Random content a95a1da6ccfb40b92ecb', '2025-06-05 03:05:34'),
(134, 16, 'Post 4 from User 16', 'Random content 0406e89c40ea644d1bf0', '2025-06-05 03:05:34'),
(135, 16, 'Post 5 from User 16', 'Random content 16f307590f2af7c53db2', '2025-06-05 03:05:34'),
(136, 16, 'Post 6 from User 16', 'Random content 34fb556802fb8d79df8d', '2025-06-05 03:05:34'),
(137, 13, 'Post 1 from User 13', 'Random content 08eec475524bca9a43cc', '2025-06-05 03:05:34'),
(138, 13, 'Post 2 from User 13', 'Random content b6b1024590e295d8b138', '2025-06-05 03:05:34'),
(139, 13, 'Post 3 from User 13', 'Random content 9aff9e85ab410eda1873', '2025-06-05 03:05:34'),
(140, 13, 'Post 4 from User 13', 'Random content 21a273f288ef055a52e5', '2025-06-05 03:05:34'),
(141, 13, 'Post 5 from User 13', 'Random content 1a04c6a6b2577ccf3f41', '2025-06-05 03:05:34'),
(142, 13, 'Post 6 from User 13', 'Random content b5bc51bfa56a8c961bf2', '2025-06-05 03:05:34'),
(143, 13, 'Post 7 from User 13', 'Random content e590d58d4086f8c7ce8e', '2025-06-05 03:05:34'),
(144, 21, 'Post 1 from User 21', 'Random content 27ae20749c6dcd204e04', '2025-06-05 03:05:34'),
(145, 21, 'Post 2 from User 21', 'Random content 7f2244cfa97d499b7e5f', '2025-06-05 03:05:34'),
(146, 21, 'Post 3 from User 21', 'Random content 894bf387ebbac7f10524', '2025-06-05 03:05:34'),
(147, 21, 'Post 4 from User 21', 'Random content e1be709e0cdc8330f46e', '2025-06-05 03:05:34'),
(148, 21, 'Post 5 from User 21', 'Random content b7ba8fb0000af4868e23', '2025-06-05 03:05:34');

-- --------------------------------------------------------

--
-- Table structure for table `post_views`
--

CREATE TABLE `post_views` (
  `id` int(11) NOT NULL,
  `post_id` int(11) NOT NULL,
  `user_id` int(11) DEFAULT NULL,
  `ip_address` varchar(45) NOT NULL,
  `viewed_at` timestamp NOT NULL DEFAULT current_timestamp()
) ENGINE=InnoDB DEFAULT CHARSET=utf8mb4 COLLATE=utf8mb4_general_ci;

--
-- Dumping data for table `post_views`
--

INSERT INTO `post_views` (`id`, `post_id`, `user_id`, `ip_address`, `viewed_at`) VALUES
(248, 79, 5, '', '2025-06-05 03:05:54'),
(249, 79, 21, '', '2025-06-05 03:05:54'),
(250, 79, 22, '', '2025-06-05 03:05:54'),
(251, 79, 2, '', '2025-06-05 03:05:54'),
(252, 79, 11, '', '2025-06-05 03:05:54'),
(253, 79, 20, '', '2025-06-05 03:05:54'),
(254, 79, 16, '', '2025-06-05 03:05:54'),
(255, 79, 5, '', '2025-06-05 03:05:54'),
(256, 79, 23, '', '2025-06-05 03:05:54'),
(257, 79, 23, '', '2025-06-05 03:05:54'),
(258, 79, 10, '', '2025-06-05 03:05:54'),
(259, 79, 14, '', '2025-06-05 03:05:54'),
(260, 79, 12, '', '2025-06-05 03:05:54'),
(261, 79, 19, '', '2025-06-05 03:05:54'),
(262, 79, 23, '', '2025-06-05 03:05:54'),
(263, 79, 17, '', '2025-06-05 03:05:54'),
(264, 79, 22, '', '2025-06-05 03:05:54'),
(265, 79, 2, '', '2025-06-05 03:05:54'),
(266, 79, 2, '', '2025-06-05 03:05:54'),
(267, 79, 13, '', '2025-06-05 03:05:54'),
(268, 79, 10, '', '2025-06-05 03:05:54'),
(269, 79, 5, '', '2025-06-05 03:05:54'),
(270, 79, 18, '', '2025-06-05 03:05:54'),
(271, 79, 9, '', '2025-06-05 03:05:54'),
(272, 79, 6, '', '2025-06-05 03:05:54'),
(273, 79, 22, '', '2025-06-05 03:05:54'),
(274, 79, 16, '', '2025-06-05 03:05:54'),
(275, 79, 24, '', '2025-06-05 03:05:54'),
(276, 80, 4, '', '2025-06-05 03:05:54'),
(277, 80, 22, '', '2025-06-05 03:05:54'),
(278, 80, 14, '', '2025-06-05 03:05:54'),
(279, 80, 13, '', '2025-06-05 03:05:54'),
(280, 80, 19, '', '2025-06-05 03:05:54'),
(281, 80, 22, '', '2025-06-05 03:05:54'),
(282, 80, 19, '', '2025-06-05 03:05:54'),
(283, 80, 19, '', '2025-06-05 03:05:54'),
(284, 80, 22, '', '2025-06-05 03:05:54'),
(285, 80, 6, '', '2025-06-05 03:05:54'),
(286, 80, 9, '', '2025-06-05 03:05:54'),
(287, 80, 17, '', '2025-06-05 03:05:54'),
(288, 80, 11, '', '2025-06-05 03:05:54'),
(289, 80, 2, '', '2025-06-05 03:05:54'),
(290, 80, 22, '', '2025-06-05 03:05:54'),
(291, 80, 20, '', '2025-06-05 03:05:54'),
(292, 80, 20, '', '2025-06-05 03:05:54'),
(293, 80, 11, '', '2025-06-05 03:05:54'),
(294, 80, 2, '', '2025-06-05 03:05:54'),
(295, 80, 1, '', '2025-06-05 03:05:54'),
(296, 80, 11, '', '2025-06-05 03:05:54'),
(297, 80, 22, '', '2025-06-05 03:05:54'),
(298, 80, 2, '', '2025-06-05 03:05:54'),
(299, 80, 22, '', '2025-06-05 03:05:54'),
(300, 80, 2, '', '2025-06-05 03:05:54'),
(301, 80, 22, '', '2025-06-05 03:05:54'),
(302, 80, 24, '', '2025-06-05 03:05:54'),
(303, 80, 23, '', '2025-06-05 03:05:54'),
(304, 80, 13, '', '2025-06-05 03:05:54'),
(305, 80, 20, '', '2025-06-05 03:05:54'),
(306, 80, 17, '', '2025-06-05 03:05:54'),
(307, 80, 1, '', '2025-06-05 03:05:54'),
(308, 80, 4, '', '2025-06-05 03:05:54'),
(309, 80, 21, '', '2025-06-05 03:05:54'),
(310, 80, 2, '', '2025-06-05 03:05:54'),
(311, 80, 16, '', '2025-06-05 03:05:54'),
(312, 80, 2, '', '2025-06-05 03:05:54'),
(313, 80, 10, '', '2025-06-05 03:05:54'),
(314, 80, 4, '', '2025-06-05 03:05:54'),
(315, 80, 24, '', '2025-06-05 03:05:54'),
(316, 80, 10, '', '2025-06-05 03:05:54'),
(317, 80, 13, '', '2025-06-05 03:05:54'),
(318, 80, 18, '', '2025-06-05 03:05:54'),
(319, 80, 9, '', '2025-06-05 03:05:54'),
(320, 80, 14, '', '2025-06-05 03:05:54'),
(321, 80, 4, '', '2025-06-05 03:05:54'),
(322, 80, 9, '', '2025-06-05 03:05:54'),
(323, 81, 4, '', '2025-06-05 03:05:54'),
(324, 81, 5, '', '2025-06-05 03:05:54'),
(325, 81, 10, '', '2025-06-05 03:05:54'),
(326, 81, 15, '', '2025-06-05 03:05:54'),
(327, 81, 4, '', '2025-06-05 03:05:54'),
(328, 81, 16, '', '2025-06-05 03:05:54'),
(329, 81, 10, '', '2025-06-05 03:05:54'),
(330, 81, 7, '', '2025-06-05 03:05:54'),
(331, 81, 14, '', '2025-06-05 03:05:54'),
(332, 81, 17, '', '2025-06-05 03:05:54'),
(333, 81, 20, '', '2025-06-05 03:05:54'),
(334, 81, 24, '', '2025-06-05 03:05:54'),
(335, 81, 22, '', '2025-06-05 03:05:54'),
(336, 81, 6, '', '2025-06-05 03:05:54'),
(337, 81, 2, '', '2025-06-05 03:05:54'),
(338, 81, 24, '', '2025-06-05 03:05:54'),
(339, 81, 16, '', '2025-06-05 03:05:54'),
(340, 81, 24, '', '2025-06-05 03:05:54'),
(341, 81, 4, '', '2025-06-05 03:05:54'),
(342, 81, 19, '', '2025-06-05 03:05:54'),
(343, 81, 14, '', '2025-06-05 03:05:54'),
(344, 81, 18, '', '2025-06-05 03:05:54'),
(345, 81, 8, '', '2025-06-05 03:05:54'),
(346, 81, 4, '', '2025-06-05 03:05:54'),
(347, 81, 9, '', '2025-06-05 03:05:54'),
(348, 81, 18, '', '2025-06-05 03:05:54'),
(349, 81, 17, '', '2025-06-05 03:05:54'),
(350, 81, 7, '', '2025-06-05 03:05:54'),
(351, 81, 10, '', '2025-06-05 03:05:54'),
(352, 81, 10, '', '2025-06-05 03:05:54'),
(353, 81, 4, '', '2025-06-05 03:05:54'),
(354, 81, 8, '', '2025-06-05 03:05:54'),
(355, 81, 12, '', '2025-06-05 03:05:54'),
(356, 81, 4, '', '2025-06-05 03:05:54'),
(357, 81, 19, '', '2025-06-05 03:05:54'),
(358, 81, 14, '', '2025-06-05 03:05:54'),
(359, 81, 9, '', '2025-06-05 03:05:54'),
(360, 81, 10, '', '2025-06-05 03:05:54'),
(361, 82, 11, '', '2025-06-05 03:05:54'),
(362, 82, 2, '', '2025-06-05 03:05:54'),
(363, 82, 14, '', '2025-06-05 03:05:54'),
(364, 82, 5, '', '2025-06-05 03:05:54'),
(365, 82, 12, '', '2025-06-05 03:05:54'),
(366, 82, 17, '', '2025-06-05 03:05:54'),
(367, 82, 1, '', '2025-06-05 03:05:54'),
(368, 82, 1, '', '2025-06-05 03:05:54'),
(369, 82, 14, '', '2025-06-05 03:05:54'),
(370, 82, 15, '', '2025-06-05 03:05:54'),
(371, 82, 4, '', '2025-06-05 03:05:54'),
(372, 82, 5, '', '2025-06-05 03:05:54'),
(373, 82, 14, '', '2025-06-05 03:05:54'),
(374, 82, 5, '', '2025-06-05 03:05:54'),
(375, 82, 16, '', '2025-06-05 03:05:54'),
(376, 82, 18, '', '2025-06-05 03:05:54'),
(377, 82, 5, '', '2025-06-05 03:05:54'),
(378, 82, 5, '', '2025-06-05 03:05:54'),
(379, 82, 22, '', '2025-06-05 03:05:54'),
(380, 82, 23, '', '2025-06-05 03:05:54'),
(381, 82, 13, '', '2025-06-05 03:05:54'),
(382, 82, 6, '', '2025-06-05 03:05:54'),
(383, 82, 24, '', '2025-06-05 03:05:54'),
(384, 82, 16, '', '2025-06-05 03:05:54'),
(385, 82, 1, '', '2025-06-05 03:05:54'),
(386, 82, 1, '', '2025-06-05 03:05:54'),
(387, 82, 19, '', '2025-06-05 03:05:54'),
(388, 82, 14, '', '2025-06-05 03:05:54'),
(389, 82, 8, '', '2025-06-05 03:05:54'),
(390, 82, 1, '', '2025-06-05 03:05:54'),
(391, 82, 13, '', '2025-06-05 03:05:54'),
(392, 82, 5, '', '2025-06-05 03:05:54'),
(393, 83, 22, '', '2025-06-05 03:05:54'),
(394, 83, 8, '', '2025-06-05 03:05:54'),
(395, 83, 16, '', '2025-06-05 03:05:54'),
(396, 83, 4, '', '2025-06-05 03:05:54'),
(397, 83, 13, '', '2025-06-05 03:05:54'),
(398, 83, 20, '', '2025-06-05 03:05:54'),
(399, 83, 23, '', '2025-06-05 03:05:54'),
(400, 83, 24, '', '2025-06-05 03:05:54'),
(401, 83, 22, '', '2025-06-05 03:05:54'),
(402, 83, 4, '', '2025-06-05 03:05:54'),
(403, 83, 5, '', '2025-06-05 03:05:54'),
(404, 83, 7, '', '2025-06-05 03:05:54'),
(405, 83, 20, '', '2025-06-05 03:05:54'),
(406, 83, 15, '', '2025-06-05 03:05:54'),
(407, 83, 15, '', '2025-06-05 03:05:54'),
(408, 83, 4, '', '2025-06-05 03:05:54'),
(409, 83, 16, '', '2025-06-05 03:05:54'),
(410, 83, 13, '', '2025-06-05 03:05:54'),
(411, 83, 20, '', '2025-06-05 03:05:54'),
(412, 83, 22, '', '2025-06-05 03:05:54'),
(413, 83, 22, '', '2025-06-05 03:05:54'),
(414, 83, 15, '', '2025-06-05 03:05:54'),
(415, 83, 9, '', '2025-06-05 03:05:54'),
(416, 83, 13, '', '2025-06-05 03:05:54'),
(417, 83, 17, '', '2025-06-05 03:05:54'),
(418, 83, 6, '', '2025-06-05 03:05:54'),
(419, 83, 10, '', '2025-06-05 03:05:54'),
(420, 83, 19, '', '2025-06-05 03:05:54'),
(421, 83, 1, '', '2025-06-05 03:05:54'),
(422, 83, 24, '', '2025-06-05 03:05:54'),
(423, 83, 13, '', '2025-06-05 03:05:54'),
(424, 83, 12, '', '2025-06-05 03:05:54'),
(425, 83, 21, '', '2025-06-05 03:05:54'),
(426, 83, 20, '', '2025-06-05 03:05:54'),
(427, 83, 24, '', '2025-06-05 03:05:54'),
(428, 83, 1, '', '2025-06-05 03:05:54'),
(429, 83, 10, '', '2025-06-05 03:05:54'),
(430, 84, 2, '', '2025-06-05 03:05:54'),
(431, 84, 10, '', '2025-06-05 03:05:54'),
(432, 84, 14, '', '2025-06-05 03:05:54'),
(433, 84, 22, '', '2025-06-05 03:05:54'),
(434, 84, 22, '', '2025-06-05 03:05:54'),
(435, 84, 14, '', '2025-06-05 03:05:54'),
(436, 84, 16, '', '2025-06-05 03:05:54'),
(437, 84, 13, '', '2025-06-05 03:05:54'),
(438, 84, 1, '', '2025-06-05 03:05:54'),
(439, 84, 17, '', '2025-06-05 03:05:54'),
(440, 84, 17, '', '2025-06-05 03:05:54'),
(441, 84, 7, '', '2025-06-05 03:05:54'),
(442, 84, 12, '', '2025-06-05 03:05:54'),
(443, 84, 24, '', '2025-06-05 03:05:54'),
(444, 84, 4, '', '2025-06-05 03:05:54'),
(445, 84, 21, '', '2025-06-05 03:05:54'),
(446, 84, 13, '', '2025-06-05 03:05:54'),
(447, 84, 7, '', '2025-06-05 03:05:54'),
(448, 84, 4, '', '2025-06-05 03:05:54'),
(449, 84, 11, '', '2025-06-05 03:05:54'),
(450, 84, 20, '', '2025-06-05 03:05:54'),
(451, 84, 11, '', '2025-06-05 03:05:54'),
(452, 84, 10, '', '2025-06-05 03:05:54'),
(453, 85, 4, '', '2025-06-05 03:05:54'),
(454, 85, 10, '', '2025-06-05 03:05:54'),
(455, 85, 22, '', '2025-06-05 03:05:54'),
(456, 85, 6, '', '2025-06-05 03:05:54'),
(457, 85, 18, '', '2025-06-05 03:05:54'),
(458, 85, 2, '', '2025-06-05 03:05:54'),
(459, 85, 4, '', '2025-06-05 03:05:54'),
(460, 85, 22, '', '2025-06-05 03:05:54'),
(461, 85, 22, '', '2025-06-05 03:05:54'),
(462, 85, 5, '', '2025-06-05 03:05:54'),
(463, 85, 10, '', '2025-06-05 03:05:54'),
(464, 85, 5, '', '2025-06-05 03:05:54'),
(465, 85, 11, '', '2025-06-05 03:05:54'),
(466, 85, 15, '', '2025-06-05 03:05:54'),
(467, 85, 21, '', '2025-06-05 03:05:54'),
(468, 85, 13, '', '2025-06-05 03:05:54'),
(469, 85, 21, '', '2025-06-05 03:05:54'),
(470, 85, 8, '', '2025-06-05 03:05:54'),
(471, 85, 19, '', '2025-06-05 03:05:54'),
(472, 85, 2, '', '2025-06-05 03:05:54'),
(473, 85, 24, '', '2025-06-05 03:05:54'),
(474, 85, 5, '', '2025-06-05 03:05:54'),
(475, 85, 9, '', '2025-06-05 03:05:54'),
(476, 85, 4, '', '2025-06-05 03:05:54'),
(477, 85, 14, '', '2025-06-05 03:05:54'),
(478, 85, 16, '', '2025-06-05 03:05:54'),
(479, 86, 9, '', '2025-06-05 03:05:54'),
(480, 86, 21, '', '2025-06-05 03:05:54'),
(481, 86, 6, '', '2025-06-05 03:05:54'),
(482, 86, 13, '', '2025-06-05 03:05:54'),
(483, 86, 11, '', '2025-06-05 03:05:54'),
(484, 86, 6, '', '2025-06-05 03:05:54'),
(485, 86, 13, '', '2025-06-05 03:05:54'),
(486, 86, 13, '', '2025-06-05 03:05:54'),
(487, 86, 8, '', '2025-06-05 03:05:54'),
(488, 86, 14, '', '2025-06-05 03:05:54'),
(489, 86, 19, '', '2025-06-05 03:05:54'),
(490, 86, 24, '', '2025-06-05 03:05:54'),
(491, 86, 22, '', '2025-06-05 03:05:54'),
(492, 86, 16, '', '2025-06-05 03:05:54'),
(493, 86, 13, '', '2025-06-05 03:05:54'),
(494, 86, 9, '', '2025-06-05 03:05:54'),
(495, 86, 13, '', '2025-06-05 03:05:54'),
(496, 86, 22, '', '2025-06-05 03:05:54'),
(497, 86, 14, '', '2025-06-05 03:05:54'),
(498, 86, 7, '', '2025-06-05 03:05:54'),
(499, 86, 17, '', '2025-06-05 03:05:54'),
(500, 86, 17, '', '2025-06-05 03:05:54'),
(501, 86, 4, '', '2025-06-05 03:05:54'),
(502, 86, 20, '', '2025-06-05 03:05:54'),
(503, 86, 6, '', '2025-06-05 03:05:54'),
(504, 87, 14, '', '2025-06-05 03:05:54'),
(505, 87, 23, '', '2025-06-05 03:05:54'),
(506, 87, 20, '', '2025-06-05 03:05:54'),
(507, 87, 22, '', '2025-06-05 03:05:54'),
(508, 87, 2, '', '2025-06-05 03:05:54'),
(509, 87, 24, '', '2025-06-05 03:05:54'),
(510, 87, 16, '', '2025-06-05 03:05:54'),
(511, 87, 24, '', '2025-06-05 03:05:54'),
(512, 87, 22, '', '2025-06-05 03:05:54'),
(513, 87, 6, '', '2025-06-05 03:05:54'),
(514, 87, 11, '', '2025-06-05 03:05:54'),
(515, 87, 22, '', '2025-06-05 03:05:54'),
(516, 87, 21, '', '2025-06-05 03:05:54'),
(517, 87, 15, '', '2025-06-05 03:05:54'),
(518, 87, 13, '', '2025-06-05 03:05:54'),
(519, 87, 14, '', '2025-06-05 03:05:54'),
(520, 87, 7, '', '2025-06-05 03:05:54'),
(521, 87, 9, '', '2025-06-05 03:05:54'),
(522, 87, 22, '', '2025-06-05 03:05:54'),
(523, 87, 23, '', '2025-06-05 03:05:54'),
(524, 87, 5, '', '2025-06-05 03:05:54'),
(525, 87, 17, '', '2025-06-05 03:05:54'),
(526, 87, 23, '', '2025-06-05 03:05:54'),
(527, 87, 8, '', '2025-06-05 03:05:54'),
(528, 87, 21, '', '2025-06-05 03:05:54'),
(529, 87, 13, '', '2025-06-05 03:05:54'),
(530, 87, 18, '', '2025-06-05 03:05:54'),
(531, 87, 2, '', '2025-06-05 03:05:54'),
(532, 87, 8, '', '2025-06-05 03:05:54'),
(533, 87, 21, '', '2025-06-05 03:05:54'),
(534, 87, 17, '', '2025-06-05 03:05:54'),
(535, 88, 9, '', '2025-06-05 03:05:54'),
(536, 88, 6, '', '2025-06-05 03:05:54'),
(537, 88, 16, '', '2025-06-05 03:05:54'),
(538, 88, 22, '', '2025-06-05 03:05:54'),
(539, 88, 6, '', '2025-06-05 03:05:54'),
(540, 88, 18, '', '2025-06-05 03:05:54'),
(541, 88, 22, '', '2025-06-05 03:05:54'),
(542, 88, 1, '', '2025-06-05 03:05:54'),
(543, 88, 23, '', '2025-06-05 03:05:54'),
(544, 88, 16, '', '2025-06-05 03:05:54'),
(545, 88, 18, '', '2025-06-05 03:05:54'),
(546, 88, 9, '', '2025-06-05 03:05:54'),
(547, 88, 21, '', '2025-06-05 03:05:54'),
(548, 88, 16, '', '2025-06-05 03:05:54'),
(549, 88, 16, '', '2025-06-05 03:05:54'),
(550, 88, 22, '', '2025-06-05 03:05:54'),
(551, 88, 7, '', '2025-06-05 03:05:54'),
(552, 88, 6, '', '2025-06-05 03:05:54'),
(553, 88, 15, '', '2025-06-05 03:05:54'),
(554, 88, 18, '', '2025-06-05 03:05:54'),
(555, 88, 11, '', '2025-06-05 03:05:54'),
(556, 88, 16, '', '2025-06-05 03:05:54'),
(557, 88, 19, '', '2025-06-05 03:05:54'),
(558, 88, 17, '', '2025-06-05 03:05:54'),
(559, 88, 15, '', '2025-06-05 03:05:54'),
(560, 88, 8, '', '2025-06-05 03:05:54'),
(561, 88, 18, '', '2025-06-05 03:05:54'),
(562, 88, 10, '', '2025-06-05 03:05:54'),
(563, 88, 17, '', '2025-06-05 03:05:54'),
(564, 88, 12, '', '2025-06-05 03:05:54'),
(565, 88, 7, '', '2025-06-05 03:05:54'),
(566, 88, 13, '', '2025-06-05 03:05:54'),
(567, 88, 23, '', '2025-06-05 03:05:54'),
(568, 89, 24, '', '2025-06-05 03:05:54'),
(569, 89, 21, '', '2025-06-05 03:05:54'),
(570, 89, 4, '', '2025-06-05 03:05:54'),
(571, 89, 22, '', '2025-06-05 03:05:54'),
(572, 89, 4, '', '2025-06-05 03:05:54'),
(573, 89, 4, '', '2025-06-05 03:05:54'),
(574, 89, 7, '', '2025-06-05 03:05:54'),
(575, 89, 18, '', '2025-06-05 03:05:54'),
(576, 89, 15, '', '2025-06-05 03:05:54'),
(577, 89, 24, '', '2025-06-05 03:05:54'),
(578, 89, 11, '', '2025-06-05 03:05:54'),
(579, 89, 16, '', '2025-06-05 03:05:54'),
(580, 89, 4, '', '2025-06-05 03:05:54'),
(581, 89, 14, '', '2025-06-05 03:05:54'),
(582, 89, 24, '', '2025-06-05 03:05:54'),
(583, 89, 17, '', '2025-06-05 03:05:54'),
(584, 89, 10, '', '2025-06-05 03:05:54'),
(585, 89, 4, '', '2025-06-05 03:05:54'),
(586, 89, 16, '', '2025-06-05 03:05:54'),
(587, 89, 15, '', '2025-06-05 03:05:54'),
(588, 89, 23, '', '2025-06-05 03:05:54'),
(589, 89, 8, '', '2025-06-05 03:05:54'),
(590, 89, 21, '', '2025-06-05 03:05:54'),
(591, 89, 21, '', '2025-06-05 03:05:54'),
(592, 89, 9, '', '2025-06-05 03:05:54'),
(593, 89, 7, '', '2025-06-05 03:05:54'),
(594, 89, 17, '', '2025-06-05 03:05:54'),
(595, 89, 11, '', '2025-06-05 03:05:54'),
(596, 89, 16, '', '2025-06-05 03:05:54'),
(597, 89, 12, '', '2025-06-05 03:05:54'),
(598, 89, 5, '', '2025-06-05 03:05:54'),
(599, 89, 6, '', '2025-06-05 03:05:54'),
(600, 89, 8, '', '2025-06-05 03:05:54'),
(601, 89, 20, '', '2025-06-05 03:05:54'),
(602, 89, 14, '', '2025-06-05 03:05:54'),
(603, 89, 9, '', '2025-06-05 03:05:54'),
(604, 115, 15, '', '2025-06-05 03:05:54'),
(605, 115, 17, '', '2025-06-05 03:05:54'),
(606, 115, 4, '', '2025-06-05 03:05:54'),
(607, 115, 4, '', '2025-06-05 03:05:54'),
(608, 115, 8, '', '2025-06-05 03:05:54'),
(609, 115, 15, '', '2025-06-05 03:05:54'),
(610, 115, 13, '', '2025-06-05 03:05:54'),
(611, 115, 14, '', '2025-06-05 03:05:54'),
(612, 115, 5, '', '2025-06-05 03:05:54'),
(613, 115, 15, '', '2025-06-05 03:05:54'),
(614, 115, 17, '', '2025-06-05 03:05:54'),
(615, 115, 15, '', '2025-06-05 03:05:54'),
(616, 115, 14, '', '2025-06-05 03:05:54'),
(617, 115, 13, '', '2025-06-05 03:05:54'),
(618, 115, 24, '', '2025-06-05 03:05:54'),
(619, 115, 5, '', '2025-06-05 03:05:54'),
(620, 115, 9, '', '2025-06-05 03:05:54'),
(621, 115, 20, '', '2025-06-05 03:05:54'),
(622, 115, 21, '', '2025-06-05 03:05:54'),
(623, 115, 15, '', '2025-06-05 03:05:54'),
(624, 115, 7, '', '2025-06-05 03:05:54'),
(625, 115, 10, '', '2025-06-05 03:05:54'),
(626, 115, 22, '', '2025-06-05 03:05:54'),
(627, 115, 14, '', '2025-06-05 03:05:54'),
(628, 115, 8, '', '2025-06-05 03:05:54'),
(629, 115, 9, '', '2025-06-05 03:05:54'),
(630, 115, 23, '', '2025-06-05 03:05:54'),
(631, 115, 18, '', '2025-06-05 03:05:54'),
(632, 115, 22, '', '2025-06-05 03:05:54'),
(633, 115, 24, '', '2025-06-05 03:05:54'),
(634, 115, 15, '', '2025-06-05 03:05:54'),
(635, 115, 14, '', '2025-06-05 03:05:54'),
(636, 115, 6, '', '2025-06-05 03:05:54'),
(637, 115, 13, '', '2025-06-05 03:05:54'),
(638, 115, 17, '', '2025-06-05 03:05:54'),
(639, 115, 8, '', '2025-06-05 03:05:54'),
(640, 115, 5, '', '2025-06-05 03:05:54'),
(641, 115, 9, '', '2025-06-05 03:05:54'),
(642, 115, 19, '', '2025-06-05 03:05:54'),
(643, 115, 13, '', '2025-06-05 03:05:54'),
(644, 115, 19, '', '2025-06-05 03:05:54'),
(645, 115, 1, '', '2025-06-05 03:05:54'),
(646, 115, 21, '', '2025-06-05 03:05:54'),
(647, 115, 13, '', '2025-06-05 03:05:54'),
(648, 115, 1, '', '2025-06-05 03:05:54'),
(649, 115, 9, '', '2025-06-05 03:05:54'),
(650, 115, 23, '', '2025-06-05 03:05:54'),
(651, 116, 7, '', '2025-06-05 03:05:54'),
(652, 116, 23, '', '2025-06-05 03:05:54'),
(653, 116, 15, '', '2025-06-05 03:05:54'),
(654, 116, 5, '', '2025-06-05 03:05:54'),
(655, 116, 6, '', '2025-06-05 03:05:54'),
(656, 116, 20, '', '2025-06-05 03:05:54'),
(657, 116, 15, '', '2025-06-05 03:05:54'),
(658, 116, 12, '', '2025-06-05 03:05:54'),
(659, 116, 22, '', '2025-06-05 03:05:54'),
(660, 116, 20, '', '2025-06-05 03:05:54'),
(661, 116, 1, '', '2025-06-05 03:05:54'),
(662, 116, 10, '', '2025-06-05 03:05:54'),
(663, 116, 9, '', '2025-06-05 03:05:54'),
(664, 116, 12, '', '2025-06-05 03:05:54'),
(665, 116, 7, '', '2025-06-05 03:05:54'),
(666, 116, 24, '', '2025-06-05 03:05:54'),
(667, 116, 12, '', '2025-06-05 03:05:54'),
(668, 116, 9, '', '2025-06-05 03:05:54'),
(669, 116, 9, '', '2025-06-05 03:05:54'),
(670, 116, 2, '', '2025-06-05 03:05:54'),
(671, 116, 9, '', '2025-06-05 03:05:54'),
(672, 116, 17, '', '2025-06-05 03:05:54'),
(673, 116, 13, '', '2025-06-05 03:05:54'),
(674, 116, 16, '', '2025-06-05 03:05:54'),
(675, 116, 23, '', '2025-06-05 03:05:54'),
(676, 116, 16, '', '2025-06-05 03:05:54'),
(677, 116, 5, '', '2025-06-05 03:05:54'),
(678, 116, 6, '', '2025-06-05 03:05:54'),
(679, 116, 2, '', '2025-06-05 03:05:54'),
(680, 116, 2, '', '2025-06-05 03:05:54'),
(681, 116, 9, '', '2025-06-05 03:05:54'),
(682, 116, 1, '', '2025-06-05 03:05:54'),
(683, 116, 14, '', '2025-06-05 03:05:54'),
(684, 117, 21, '', '2025-06-05 03:05:54'),
(685, 117, 20, '', '2025-06-05 03:05:54'),
(686, 117, 20, '', '2025-06-05 03:05:54'),
(687, 117, 21, '', '2025-06-05 03:05:54'),
(688, 117, 5, '', '2025-06-05 03:05:54'),
(689, 117, 21, '', '2025-06-05 03:05:54'),
(690, 117, 13, '', '2025-06-05 03:05:54'),
(691, 117, 6, '', '2025-06-05 03:05:54'),
(692, 117, 4, '', '2025-06-05 03:05:54'),
(693, 117, 5, '', '2025-06-05 03:05:54'),
(694, 117, 6, '', '2025-06-05 03:05:54'),
(695, 117, 7, '', '2025-06-05 03:05:54'),
(696, 117, 10, '', '2025-06-05 03:05:54'),
(697, 117, 20, '', '2025-06-05 03:05:54'),
(698, 117, 16, '', '2025-06-05 03:05:54'),
(699, 117, 20, '', '2025-06-05 03:05:54'),
(700, 117, 14, '', '2025-06-05 03:05:54'),
(701, 117, 9, '', '2025-06-05 03:05:54'),
(702, 117, 8, '', '2025-06-05 03:05:54'),
(703, 117, 23, '', '2025-06-05 03:05:54'),
(704, 117, 21, '', '2025-06-05 03:05:54'),
(705, 117, 24, '', '2025-06-05 03:05:54'),
(706, 117, 14, '', '2025-06-05 03:05:54'),
(707, 117, 24, '', '2025-06-05 03:05:54'),
(708, 117, 14, '', '2025-06-05 03:05:54'),
(709, 117, 9, '', '2025-06-05 03:05:54'),
(710, 117, 18, '', '2025-06-05 03:05:54'),
(711, 117, 1, '', '2025-06-05 03:05:54'),
(712, 117, 9, '', '2025-06-05 03:05:54'),
(713, 117, 4, '', '2025-06-05 03:05:54'),
(714, 117, 8, '', '2025-06-05 03:05:54'),
(715, 117, 21, '', '2025-06-05 03:05:54'),
(716, 117, 16, '', '2025-06-05 03:05:54'),
(717, 117, 9, '', '2025-06-05 03:05:54'),
(718, 117, 4, '', '2025-06-05 03:05:54'),
(719, 117, 5, '', '2025-06-05 03:05:54'),
(720, 117, 5, '', '2025-06-05 03:05:54'),
(721, 117, 12, '', '2025-06-05 03:05:54'),
(722, 117, 13, '', '2025-06-05 03:05:54'),
(723, 117, 5, '', '2025-06-05 03:05:54'),
(724, 118, 22, '', '2025-06-05 03:05:54'),
(725, 118, 6, '', '2025-06-05 03:05:54'),
(726, 118, 13, '', '2025-06-05 03:05:54'),
(727, 118, 7, '', '2025-06-05 03:05:54'),
(728, 118, 13, '', '2025-06-05 03:05:54'),
(729, 118, 23, '', '2025-06-05 03:05:54'),
(730, 118, 22, '', '2025-06-05 03:05:54'),
(731, 118, 4, '', '2025-06-05 03:05:54'),
(732, 118, 9, '', '2025-06-05 03:05:54'),
(733, 118, 24, '', '2025-06-05 03:05:54'),
(734, 118, 16, '', '2025-06-05 03:05:54'),
(735, 118, 4, '', '2025-06-05 03:05:54'),
(736, 118, 4, '', '2025-06-05 03:05:54'),
(737, 118, 23, '', '2025-06-05 03:05:54'),
(738, 118, 13, '', '2025-06-05 03:05:54'),
(739, 118, 5, '', '2025-06-05 03:05:54'),
(740, 118, 14, '', '2025-06-05 03:05:54'),
(741, 118, 19, '', '2025-06-05 03:05:54'),
(742, 118, 15, '', '2025-06-05 03:05:54'),
(743, 118, 17, '', '2025-06-05 03:05:54'),
(744, 118, 22, '', '2025-06-05 03:05:54'),
(745, 118, 22, '', '2025-06-05 03:05:54'),
(746, 118, 23, '', '2025-06-05 03:05:54'),
(747, 118, 12, '', '2025-06-05 03:05:54'),
(748, 118, 6, '', '2025-06-05 03:05:54'),
(749, 118, 9, '', '2025-06-05 03:05:54'),
(750, 118, 14, '', '2025-06-05 03:05:54'),
(751, 118, 10, '', '2025-06-05 03:05:54'),
(752, 118, 22, '', '2025-06-05 03:05:54'),
(753, 118, 17, '', '2025-06-05 03:05:54'),
(754, 119, 17, '', '2025-06-05 03:05:54'),
(755, 119, 24, '', '2025-06-05 03:05:54'),
(756, 119, 14, '', '2025-06-05 03:05:54'),
(757, 119, 6, '', '2025-06-05 03:05:54'),
(758, 119, 8, '', '2025-06-05 03:05:54'),
(759, 119, 12, '', '2025-06-05 03:05:54'),
(760, 119, 10, '', '2025-06-05 03:05:54'),
(761, 119, 11, '', '2025-06-05 03:05:54'),
(762, 119, 1, '', '2025-06-05 03:05:54'),
(763, 119, 19, '', '2025-06-05 03:05:54'),
(764, 119, 18, '', '2025-06-05 03:05:54'),
(765, 119, 8, '', '2025-06-05 03:05:54'),
(766, 119, 4, '', '2025-06-05 03:05:54'),
(767, 119, 12, '', '2025-06-05 03:05:54'),
(768, 119, 7, '', '2025-06-05 03:05:54'),
(769, 119, 8, '', '2025-06-05 03:05:54'),
(770, 119, 5, '', '2025-06-05 03:05:54'),
(771, 119, 19, '', '2025-06-05 03:05:54'),
(772, 119, 22, '', '2025-06-05 03:05:54'),
(773, 119, 19, '', '2025-06-05 03:05:54'),
(774, 119, 11, '', '2025-06-05 03:05:54'),
(775, 119, 15, '', '2025-06-05 03:05:54'),
(776, 119, 11, '', '2025-06-05 03:05:54'),
(777, 119, 23, '', '2025-06-05 03:05:54'),
(778, 119, 4, '', '2025-06-05 03:05:54'),
(779, 119, 22, '', '2025-06-05 03:05:54'),
(780, 119, 18, '', '2025-06-05 03:05:54'),
(781, 119, 20, '', '2025-06-05 03:05:54'),
(782, 119, 4, '', '2025-06-05 03:05:54'),
(783, 119, 18, '', '2025-06-05 03:05:54'),
(784, 119, 15, '', '2025-06-05 03:05:54'),
(785, 119, 2, '', '2025-06-05 03:05:54'),
(786, 119, 4, '', '2025-06-05 03:05:54'),
(787, 119, 1, '', '2025-06-05 03:05:54'),
(788, 119, 14, '', '2025-06-05 03:05:54'),
(789, 119, 1, '', '2025-06-05 03:05:54'),
(790, 119, 22, '', '2025-06-05 03:05:54'),
(791, 119, 19, '', '2025-06-05 03:05:54'),
(792, 119, 24, '', '2025-06-05 03:05:54'),
(793, 119, 18, '', '2025-06-05 03:05:54'),
(794, 119, 5, '', '2025-06-05 03:05:54'),
(795, 119, 19, '', '2025-06-05 03:05:54'),
(796, 126, 12, '', '2025-06-05 03:05:54'),
(797, 126, 18, '', '2025-06-05 03:05:54'),
(798, 126, 6, '', '2025-06-05 03:05:54'),
(799, 126, 22, '', '2025-06-05 03:05:54'),
(800, 126, 22, '', '2025-06-05 03:05:54'),
(801, 126, 11, '', '2025-06-05 03:05:54'),
(802, 126, 22, '', '2025-06-05 03:05:54'),
(803, 126, 14, '', '2025-06-05 03:05:54'),
(804, 126, 17, '', '2025-06-05 03:05:54'),
(805, 126, 23, '', '2025-06-05 03:05:54'),
(806, 126, 15, '', '2025-06-05 03:05:54'),
(807, 126, 12, '', '2025-06-05 03:05:54'),
(808, 126, 15, '', '2025-06-05 03:05:54'),
(809, 126, 6, '', '2025-06-05 03:05:54'),
(810, 126, 20, '', '2025-06-05 03:05:54'),
(811, 126, 8, '', '2025-06-05 03:05:54'),
(812, 126, 20, '', '2025-06-05 03:05:54'),
(813, 126, 22, '', '2025-06-05 03:05:54'),
(814, 126, 15, '', '2025-06-05 03:05:54'),
(815, 126, 16, '', '2025-06-05 03:05:54'),
(816, 126, 9, '', '2025-06-05 03:05:54'),
(817, 126, 5, '', '2025-06-05 03:05:54'),
(818, 127, 6, '', '2025-06-05 03:05:54'),
(819, 127, 23, '', '2025-06-05 03:05:54'),
(820, 127, 23, '', '2025-06-05 03:05:54'),
(821, 127, 22, '', '2025-06-05 03:05:54'),
(822, 127, 11, '', '2025-06-05 03:05:54'),
(823, 127, 1, '', '2025-06-05 03:05:54'),
(824, 127, 20, '', '2025-06-05 03:05:54'),
(825, 127, 7, '', '2025-06-05 03:05:54'),
(826, 127, 20, '', '2025-06-05 03:05:54'),
(827, 127, 24, '', '2025-06-05 03:05:54'),
(828, 127, 1, '', '2025-06-05 03:05:54'),
(829, 127, 14, '', '2025-06-05 03:05:54'),
(830, 127, 14, '', '2025-06-05 03:05:54'),
(831, 127, 23, '', '2025-06-05 03:05:54'),
(832, 127, 22, '', '2025-06-05 03:05:54'),
(833, 127, 19, '', '2025-06-05 03:05:54'),
(834, 127, 18, '', '2025-06-05 03:05:54'),
(835, 127, 8, '', '2025-06-05 03:05:54'),
(836, 127, 7, '', '2025-06-05 03:05:54'),
(837, 127, 8, '', '2025-06-05 03:05:54'),
(838, 127, 15, '', '2025-06-05 03:05:54'),
(839, 127, 20, '', '2025-06-05 03:05:54'),
(840, 127, 2, '', '2025-06-05 03:05:54'),
(841, 127, 8, '', '2025-06-05 03:05:54'),
(842, 127, 4, '', '2025-06-05 03:05:54'),
(843, 127, 20, '', '2025-06-05 03:05:54'),
(844, 127, 2, '', '2025-06-05 03:05:54'),
(845, 127, 13, '', '2025-06-05 03:05:54'),
(846, 127, 13, '', '2025-06-05 03:05:54'),
(847, 127, 23, '', '2025-06-05 03:05:54'),
(848, 128, 20, '', '2025-06-05 03:05:54'),
(849, 128, 21, '', '2025-06-05 03:05:54'),
(850, 128, 9, '', '2025-06-05 03:05:54'),
(851, 128, 1, '', '2025-06-05 03:05:54'),
(852, 128, 1, '', '2025-06-05 03:05:54'),
(853, 128, 22, '', '2025-06-05 03:05:54'),
(854, 128, 22, '', '2025-06-05 03:05:54'),
(855, 128, 20, '', '2025-06-05 03:05:54'),
(856, 128, 7, '', '2025-06-05 03:05:54'),
(857, 128, 15, '', '2025-06-05 03:05:54'),
(858, 128, 4, '', '2025-06-05 03:05:54'),
(859, 128, 2, '', '2025-06-05 03:05:54'),
(860, 128, 6, '', '2025-06-05 03:05:54'),
(861, 128, 7, '', '2025-06-05 03:05:54'),
(862, 128, 18, '', '2025-06-05 03:05:54'),
(863, 128, 19, '', '2025-06-05 03:05:54'),
(864, 128, 9, '', '2025-06-05 03:05:54'),
(865, 128, 21, '', '2025-06-05 03:05:54'),
(866, 128, 19, '', '2025-06-05 03:05:54'),
(867, 128, 22, '', '2025-06-05 03:05:54'),
(868, 128, 22, '', '2025-06-05 03:05:54'),
(869, 128, 24, '', '2025-06-05 03:05:54'),
(870, 128, 16, '', '2025-06-05 03:05:54'),
(871, 128, 9, '', '2025-06-05 03:05:54'),
(872, 128, 1, '', '2025-06-05 03:05:54'),
(873, 128, 12, '', '2025-06-05 03:05:54'),
(874, 128, 17, '', '2025-06-05 03:05:54'),
(875, 128, 21, '', '2025-06-05 03:05:54'),
(876, 128, 9, '', '2025-06-05 03:05:54'),
(877, 128, 16, '', '2025-06-05 03:05:54'),
(878, 128, 10, '', '2025-06-05 03:05:54'),
(879, 128, 12, '', '2025-06-05 03:05:54'),
(880, 128, 11, '', '2025-06-05 03:05:54'),
(881, 128, 22, '', '2025-06-05 03:05:54'),
(882, 129, 22, '', '2025-06-05 03:05:54'),
(883, 129, 17, '', '2025-06-05 03:05:54'),
(884, 129, 15, '', '2025-06-05 03:05:54'),
(885, 129, 5, '', '2025-06-05 03:05:54'),
(886, 129, 8, '', '2025-06-05 03:05:54'),
(887, 129, 11, '', '2025-06-05 03:05:54'),
(888, 129, 23, '', '2025-06-05 03:05:54'),
(889, 129, 4, '', '2025-06-05 03:05:54'),
(890, 129, 4, '', '2025-06-05 03:05:54'),
(891, 129, 22, '', '2025-06-05 03:05:54'),
(892, 129, 16, '', '2025-06-05 03:05:54'),
(893, 129, 5, '', '2025-06-05 03:05:54'),
(894, 129, 9, '', '2025-06-05 03:05:54'),
(895, 129, 7, '', '2025-06-05 03:05:54'),
(896, 129, 16, '', '2025-06-05 03:05:54'),
(897, 129, 9, '', '2025-06-05 03:05:54'),
(898, 129, 9, '', '2025-06-05 03:05:54'),
(899, 129, 5, '', '2025-06-05 03:05:54'),
(900, 129, 23, '', '2025-06-05 03:05:54'),
(901, 129, 11, '', '2025-06-05 03:05:54'),
(902, 129, 12, '', '2025-06-05 03:05:54'),
(903, 129, 17, '', '2025-06-05 03:05:54'),
(904, 129, 22, '', '2025-06-05 03:05:54'),
(905, 129, 23, '', '2025-06-05 03:05:54'),
(906, 129, 18, '', '2025-06-05 03:05:54'),
(907, 129, 19, '', '2025-06-05 03:05:54'),
(908, 129, 13, '', '2025-06-05 03:05:54'),
(909, 129, 24, '', '2025-06-05 03:05:54'),
(910, 129, 6, '', '2025-06-05 03:05:54'),
(911, 129, 19, '', '2025-06-05 03:05:54'),
(912, 129, 2, '', '2025-06-05 03:05:54'),
(913, 129, 5, '', '2025-06-05 03:05:54'),
(914, 129, 7, '', '2025-06-05 03:05:54'),
(915, 129, 19, '', '2025-06-05 03:05:54'),
(916, 129, 7, '', '2025-06-05 03:05:54'),
(917, 129, 14, '', '2025-06-05 03:05:54'),
(918, 129, 4, '', '2025-06-05 03:05:54'),
(919, 129, 1, '', '2025-06-05 03:05:54'),
(920, 129, 21, '', '2025-06-05 03:05:54'),
(921, 129, 22, '', '2025-06-05 03:05:54'),
(922, 129, 13, '', '2025-06-05 03:05:54'),
(923, 130, 15, '', '2025-06-05 03:05:54'),
(924, 130, 12, '', '2025-06-05 03:05:54'),
(925, 130, 19, '', '2025-06-05 03:05:54'),
(926, 130, 14, '', '2025-06-05 03:05:54'),
(927, 130, 12, '', '2025-06-05 03:05:54'),
(928, 130, 17, '', '2025-06-05 03:05:54'),
(929, 130, 10, '', '2025-06-05 03:05:54'),
(930, 130, 11, '', '2025-06-05 03:05:54'),
(931, 130, 22, '', '2025-06-05 03:05:54'),
(932, 130, 4, '', '2025-06-05 03:05:54'),
(933, 130, 16, '', '2025-06-05 03:05:54'),
(934, 130, 17, '', '2025-06-05 03:05:54'),
(935, 130, 13, '', '2025-06-05 03:05:54'),
(936, 130, 6, '', '2025-06-05 03:05:54'),
(937, 130, 5, '', '2025-06-05 03:05:54'),
(938, 130, 17, '', '2025-06-05 03:05:54'),
(939, 130, 18, '', '2025-06-05 03:05:54'),
(940, 130, 18, '', '2025-06-05 03:05:54'),
(941, 130, 2, '', '2025-06-05 03:05:54'),
(942, 130, 8, '', '2025-06-05 03:05:54'),
(943, 130, 23, '', '2025-06-05 03:05:54'),
(944, 130, 8, '', '2025-06-05 03:05:54'),
(945, 130, 14, '', '2025-06-05 03:05:54'),
(946, 130, 4, '', '2025-06-05 03:05:54'),
(947, 130, 15, '', '2025-06-05 03:05:54'),
(948, 130, 23, '', '2025-06-05 03:05:54'),
(949, 130, 6, '', '2025-06-05 03:05:54'),
(950, 130, 8, '', '2025-06-05 03:05:54'),
(951, 130, 8, '', '2025-06-05 03:05:54'),
(952, 130, 12, '', '2025-06-05 03:05:54'),
(953, 130, 17, '', '2025-06-05 03:05:54'),
(954, 56, 2, '', '2025-06-05 03:05:54'),
(955, 56, 1, '', '2025-06-05 03:05:54'),
(956, 56, 9, '', '2025-06-05 03:05:54'),
(957, 56, 16, '', '2025-06-05 03:05:54'),
(958, 56, 2, '', '2025-06-05 03:05:54'),
(959, 56, 12, '', '2025-06-05 03:05:54'),
(960, 56, 20, '', '2025-06-05 03:05:54'),
(961, 56, 6, '', '2025-06-05 03:05:54'),
(962, 56, 9, '', '2025-06-05 03:05:54'),
(963, 56, 1, '', '2025-06-05 03:05:54'),
(964, 56, 1, '', '2025-06-05 03:05:54'),
(965, 56, 12, '', '2025-06-05 03:05:54'),
(966, 56, 24, '', '2025-06-05 03:05:54'),
(967, 56, 10, '', '2025-06-05 03:05:54'),
(968, 56, 11, '', '2025-06-05 03:05:54'),
(969, 56, 6, '', '2025-06-05 03:05:54'),
(970, 56, 20, '', '2025-06-05 03:05:54'),
(971, 56, 19, '', '2025-06-05 03:05:54'),
(972, 56, 17, '', '2025-06-05 03:05:54'),
(973, 56, 13, '', '2025-06-05 03:05:54'),
(974, 56, 23, '', '2025-06-05 03:05:54'),
(975, 56, 11, '', '2025-06-05 03:05:54'),
(976, 56, 1, '', '2025-06-05 03:05:54'),
(977, 56, 12, '', '2025-06-05 03:05:54'),
(978, 56, 2, '', '2025-06-05 03:05:54'),
(979, 56, 6, '', '2025-06-05 03:05:54'),
(980, 56, 8, '', '2025-06-05 03:05:54'),
(981, 56, 22, '', '2025-06-05 03:05:54'),
(982, 56, 1, '', '2025-06-05 03:05:54'),
(983, 56, 14, '', '2025-06-05 03:05:54'),
(984, 56, 4, '', '2025-06-05 03:05:54'),
(985, 56, 21, '', '2025-06-05 03:05:54'),
(986, 56, 7, '', '2025-06-05 03:05:54'),
(987, 56, 18, '', '2025-06-05 03:05:54'),
(988, 56, 6, '', '2025-06-05 03:05:54'),
(989, 56, 6, '', '2025-06-05 03:05:54'),
(990, 56, 1, '', '2025-06-05 03:05:54'),
(991, 57, 7, '', '2025-06-05 03:05:54'),
(992, 57, 12, '', '2025-06-05 03:05:54'),
(993, 57, 13, '', '2025-06-05 03:05:54'),
(994, 57, 21, '', '2025-06-05 03:05:54'),
(995, 57, 5, '', '2025-06-05 03:05:54'),
(996, 57, 23, '', '2025-06-05 03:05:54'),
(997, 57, 11, '', '2025-06-05 03:05:54'),
(998, 57, 18, '', '2025-06-05 03:05:54'),
(999, 57, 17, '', '2025-06-05 03:05:54'),
(1000, 57, 20, '', '2025-06-05 03:05:54'),
(1001, 57, 16, '', '2025-06-05 03:05:54'),
(1002, 57, 8, '', '2025-06-05 03:05:54'),
(1003, 57, 2, '', '2025-06-05 03:05:54'),
(1004, 57, 18, '', '2025-06-05 03:05:54'),
(1005, 57, 13, '', '2025-06-05 03:05:54'),
(1006, 57, 12, '', '2025-06-05 03:05:54'),
(1007, 57, 8, '', '2025-06-05 03:05:54'),
(1008, 57, 14, '', '2025-06-05 03:05:54'),
(1009, 57, 9, '', '2025-06-05 03:05:54'),
(1010, 57, 7, '', '2025-06-05 03:05:54'),
(1011, 57, 9, '', '2025-06-05 03:05:54'),
(1012, 57, 8, '', '2025-06-05 03:05:54'),
(1013, 58, 21, '', '2025-06-05 03:05:54'),
(1014, 58, 16, '', '2025-06-05 03:05:54'),
(1015, 58, 23, '', '2025-06-05 03:05:54'),
(1016, 58, 14, '', '2025-06-05 03:05:54'),
(1017, 58, 16, '', '2025-06-05 03:05:54'),
(1018, 58, 5, '', '2025-06-05 03:05:54'),
(1019, 58, 1, '', '2025-06-05 03:05:54'),
(1020, 58, 2, '', '2025-06-05 03:05:54'),
(1021, 58, 6, '', '2025-06-05 03:05:54'),
(1022, 58, 12, '', '2025-06-05 03:05:54'),
(1023, 58, 12, '', '2025-06-05 03:05:54'),
(1024, 58, 2, '', '2025-06-05 03:05:54'),
(1025, 58, 20, '', '2025-06-05 03:05:54'),
(1026, 58, 1, '', '2025-06-05 03:05:54'),
(1027, 58, 1, '', '2025-06-05 03:05:54'),
(1028, 58, 17, '', '2025-06-05 03:05:54'),
(1029, 58, 19, '', '2025-06-05 03:05:54'),
(1030, 58, 12, '', '2025-06-05 03:05:54'),
(1031, 58, 8, '', '2025-06-05 03:05:54'),
(1032, 58, 14, '', '2025-06-05 03:05:54'),
(1033, 58, 10, '', '2025-06-05 03:05:54'),
(1034, 58, 6, '', '2025-06-05 03:05:54'),
(1035, 58, 11, '', '2025-06-05 03:05:54'),
(1036, 59, 12, '', '2025-06-05 03:05:54'),
(1037, 59, 8, '', '2025-06-05 03:05:54'),
(1038, 59, 16, '', '2025-06-05 03:05:54'),
(1039, 59, 19, '', '2025-06-05 03:05:54'),
(1040, 59, 18, '', '2025-06-05 03:05:54'),
(1041, 59, 1, '', '2025-06-05 03:05:54'),
(1042, 59, 4, '', '2025-06-05 03:05:54'),
(1043, 59, 7, '', '2025-06-05 03:05:54'),
(1044, 59, 2, '', '2025-06-05 03:05:54'),
(1045, 59, 18, '', '2025-06-05 03:05:54'),
(1046, 59, 21, '', '2025-06-05 03:05:54'),
(1047, 59, 14, '', '2025-06-05 03:05:54'),
(1048, 59, 16, '', '2025-06-05 03:05:54'),
(1049, 59, 20, '', '2025-06-05 03:05:54'),
(1050, 59, 24, '', '2025-06-05 03:05:54'),
(1051, 59, 14, '', '2025-06-05 03:05:54'),
(1052, 59, 4, '', '2025-06-05 03:05:54'),
(1053, 59, 8, '', '2025-06-05 03:05:54'),
(1054, 59, 13, '', '2025-06-05 03:05:54'),
(1055, 59, 2, '', '2025-06-05 03:05:54'),
(1056, 59, 11, '', '2025-06-05 03:05:54'),
(1057, 59, 19, '', '2025-06-05 03:05:54'),
(1058, 59, 14, '', '2025-06-05 03:05:54'),
(1059, 59, 11, '', '2025-06-05 03:05:54'),
(1060, 59, 7, '', '2025-06-05 03:05:54'),
(1061, 59, 10, '', '2025-06-05 03:05:54'),
(1062, 59, 2, '', '2025-06-05 03:05:54'),
(1063, 59, 11, '', '2025-06-05 03:05:54'),
(1064, 59, 20, '', '2025-06-05 03:05:54'),
(1065, 59, 2, '', '2025-06-05 03:05:54'),
(1066, 59, 16, '', '2025-06-05 03:05:54'),
(1067, 60, 11, '', '2025-06-05 03:05:54'),
(1068, 60, 21, '', '2025-06-05 03:05:54'),
(1069, 60, 18, '', '2025-06-05 03:05:54'),
(1070, 60, 22, '', '2025-06-05 03:05:54'),
(1071, 60, 10, '', '2025-06-05 03:05:54'),
(1072, 60, 15, '', '2025-06-05 03:05:54'),
(1073, 60, 20, '', '2025-06-05 03:05:54'),
(1074, 60, 17, '', '2025-06-05 03:05:54'),
(1075, 60, 11, '', '2025-06-05 03:05:54'),
(1076, 60, 7, '', '2025-06-05 03:05:54'),
(1077, 60, 11, '', '2025-06-05 03:05:54'),
(1078, 60, 5, '', '2025-06-05 03:05:54'),
(1079, 60, 15, '', '2025-06-05 03:05:54'),
(1080, 60, 9, '', '2025-06-05 03:05:54'),
(1081, 60, 14, '', '2025-06-05 03:05:54'),
(1082, 60, 13, '', '2025-06-05 03:05:54'),
(1083, 60, 24, '', '2025-06-05 03:05:54'),
(1084, 60, 9, '', '2025-06-05 03:05:54'),
(1085, 60, 17, '', '2025-06-05 03:05:54'),
(1086, 60, 5, '', '2025-06-05 03:05:54'),
(1087, 60, 7, '', '2025-06-05 03:05:54'),
(1088, 60, 11, '', '2025-06-05 03:05:54'),
(1089, 60, 7, '', '2025-06-05 03:05:54'),
(1090, 60, 18, '', '2025-06-05 03:05:54'),
(1091, 60, 18, '', '2025-06-05 03:05:54'),
(1092, 60, 20, '', '2025-06-05 03:05:54'),
(1093, 60, 6, '', '2025-06-05 03:05:54'),
(1094, 60, 1, '', '2025-06-05 03:05:54'),
(1095, 50, 20, '', '2025-06-05 03:05:54'),
(1096, 50, 11, '', '2025-06-05 03:05:54'),
(1097, 50, 19, '', '2025-06-05 03:05:54'),
(1098, 50, 7, '', '2025-06-05 03:05:54'),
(1099, 50, 12, '', '2025-06-05 03:05:54'),
(1100, 50, 21, '', '2025-06-05 03:05:54'),
(1101, 50, 14, '', '2025-06-05 03:05:54'),
(1102, 50, 13, '', '2025-06-05 03:05:54'),
(1103, 50, 18, '', '2025-06-05 03:05:54'),
(1104, 50, 20, '', '2025-06-05 03:05:54'),
(1105, 50, 10, '', '2025-06-05 03:05:54'),
(1106, 50, 5, '', '2025-06-05 03:05:54'),
(1107, 50, 10, '', '2025-06-05 03:05:54'),
(1108, 50, 4, '', '2025-06-05 03:05:54'),
(1109, 50, 12, '', '2025-06-05 03:05:54'),
(1110, 50, 1, '', '2025-06-05 03:05:54'),
(1111, 50, 15, '', '2025-06-05 03:05:54'),
(1112, 50, 15, '', '2025-06-05 03:05:54'),
(1113, 50, 10, '', '2025-06-05 03:05:54'),
(1114, 50, 10, '', '2025-06-05 03:05:54'),
(1115, 50, 16, '', '2025-06-05 03:05:54'),
(1116, 50, 2, '', '2025-06-05 03:05:54'),
(1117, 50, 9, '', '2025-06-05 03:05:54'),
(1118, 50, 15, '', '2025-06-05 03:05:54'),
(1119, 50, 11, '', '2025-06-05 03:05:54'),
(1120, 50, 23, '', '2025-06-05 03:05:54'),
(1121, 50, 7, '', '2025-06-05 03:05:54'),
(1122, 50, 9, '', '2025-06-05 03:05:54'),
(1123, 50, 6, '', '2025-06-05 03:05:54'),
(1124, 50, 7, '', '2025-06-05 03:05:54'),
(1125, 50, 19, '', '2025-06-05 03:05:54'),
(1126, 51, 4, '', '2025-06-05 03:05:54'),
(1127, 51, 2, '', '2025-06-05 03:05:54'),
(1128, 51, 4, '', '2025-06-05 03:05:54'),
(1129, 51, 6, '', '2025-06-05 03:05:54'),
(1130, 51, 12, '', '2025-06-05 03:05:54'),
(1131, 51, 2, '', '2025-06-05 03:05:54'),
(1132, 51, 18, '', '2025-06-05 03:05:54'),
(1133, 51, 8, '', '2025-06-05 03:05:54'),
(1134, 51, 4, '', '2025-06-05 03:05:54'),
(1135, 51, 14, '', '2025-06-05 03:05:54'),
(1136, 51, 7, '', '2025-06-05 03:05:54'),
(1137, 51, 24, '', '2025-06-05 03:05:54'),
(1138, 51, 22, '', '2025-06-05 03:05:54'),
(1139, 51, 7, '', '2025-06-05 03:05:54'),
(1140, 51, 14, '', '2025-06-05 03:05:54'),
(1141, 51, 15, '', '2025-06-05 03:05:54'),
(1142, 51, 8, '', '2025-06-05 03:05:54'),
(1143, 51, 21, '', '2025-06-05 03:05:54'),
(1144, 51, 9, '', '2025-06-05 03:05:54'),
(1145, 51, 2, '', '2025-06-05 03:05:54'),
(1146, 51, 4, '', '2025-06-05 03:05:54'),
(1147, 51, 18, '', '2025-06-05 03:05:54'),
(1148, 51, 11, '', '2025-06-05 03:05:54'),
(1149, 51, 9, '', '2025-06-05 03:05:54'),
(1150, 51, 13, '', '2025-06-05 03:05:54'),
(1151, 51, 16, '', '2025-06-05 03:05:54'),
(1152, 51, 10, '', '2025-06-05 03:05:54'),
(1153, 51, 5, '', '2025-06-05 03:05:54'),
(1154, 51, 18, '', '2025-06-05 03:05:54'),
(1155, 51, 21, '', '2025-06-05 03:05:54'),
(1156, 51, 4, '', '2025-06-05 03:05:54'),
(1157, 51, 21, '', '2025-06-05 03:05:54'),
(1158, 51, 16, '', '2025-06-05 03:05:54'),
(1159, 51, 17, '', '2025-06-05 03:05:54'),
(1160, 51, 17, '', '2025-06-05 03:05:54'),
(1161, 51, 22, '', '2025-06-05 03:05:54'),
(1162, 51, 9, '', '2025-06-05 03:05:54'),
(1163, 51, 11, '', '2025-06-05 03:05:54'),
(1164, 51, 9, '', '2025-06-05 03:05:54'),
(1165, 51, 2, '', '2025-06-05 03:05:54'),
(1166, 51, 18, '', '2025-06-05 03:05:54'),
(1167, 51, 19, '', '2025-06-05 03:05:54'),
(1168, 51, 24, '', '2025-06-05 03:05:54'),
(1169, 51, 2, '', '2025-06-05 03:05:54'),
(1170, 51, 1, '', '2025-06-05 03:05:54'),
(1171, 51, 12, '', '2025-06-05 03:05:54'),
(1172, 51, 24, '', '2025-06-05 03:05:54'),
(1173, 51, 1, '', '2025-06-05 03:05:54'),
(1174, 51, 19, '', '2025-06-05 03:05:54'),
(1175, 51, 1, '', '2025-06-05 03:05:54'),
(1176, 52, 8, '', '2025-06-05 03:05:54'),
(1177, 52, 24, '', '2025-06-05 03:05:54'),
(1178, 52, 11, '', '2025-06-05 03:05:54'),
(1179, 52, 13, '', '2025-06-05 03:05:54'),
(1180, 52, 20, '', '2025-06-05 03:05:54'),
(1181, 52, 9, '', '2025-06-05 03:05:54'),
(1182, 52, 24, '', '2025-06-05 03:05:54'),
(1183, 52, 24, '', '2025-06-05 03:05:54'),
(1184, 52, 2, '', '2025-06-05 03:05:54'),
(1185, 52, 18, '', '2025-06-05 03:05:54'),
(1186, 52, 24, '', '2025-06-05 03:05:54'),
(1187, 52, 1, '', '2025-06-05 03:05:54'),
(1188, 52, 18, '', '2025-06-05 03:05:54'),
(1189, 52, 9, '', '2025-06-05 03:05:54'),
(1190, 52, 7, '', '2025-06-05 03:05:54'),
(1191, 52, 23, '', '2025-06-05 03:05:54'),
(1192, 52, 20, '', '2025-06-05 03:05:54'),
(1193, 52, 12, '', '2025-06-05 03:05:54'),
(1194, 52, 17, '', '2025-06-05 03:05:54'),
(1195, 52, 15, '', '2025-06-05 03:05:54'),
(1196, 52, 21, '', '2025-06-05 03:05:54'),
(1197, 52, 7, '', '2025-06-05 03:05:54'),
(1198, 52, 18, '', '2025-06-05 03:05:54'),
(1199, 53, 18, '', '2025-06-05 03:05:54'),
(1200, 53, 15, '', '2025-06-05 03:05:54'),
(1201, 53, 8, '', '2025-06-05 03:05:54'),
(1202, 53, 9, '', '2025-06-05 03:05:54'),
(1203, 53, 16, '', '2025-06-05 03:05:54'),
(1204, 53, 22, '', '2025-06-05 03:05:54'),
(1205, 53, 17, '', '2025-06-05 03:05:54'),
(1206, 53, 19, '', '2025-06-05 03:05:54'),
(1207, 53, 5, '', '2025-06-05 03:05:54'),
(1208, 53, 24, '', '2025-06-05 03:05:54'),
(1209, 53, 15, '', '2025-06-05 03:05:54'),
(1210, 53, 15, '', '2025-06-05 03:05:54'),
(1211, 53, 10, '', '2025-06-05 03:05:54'),
(1212, 53, 5, '', '2025-06-05 03:05:54'),
(1213, 53, 23, '', '2025-06-05 03:05:54'),
(1214, 53, 14, '', '2025-06-05 03:05:54'),
(1215, 53, 22, '', '2025-06-05 03:05:54'),
(1216, 53, 21, '', '2025-06-05 03:05:54'),
(1217, 53, 22, '', '2025-06-05 03:05:54'),
(1218, 53, 9, '', '2025-06-05 03:05:54'),
(1219, 53, 10, '', '2025-06-05 03:05:54'),
(1220, 53, 21, '', '2025-06-05 03:05:54'),
(1221, 53, 16, '', '2025-06-05 03:05:54'),
(1222, 53, 11, '', '2025-06-05 03:05:54'),
(1223, 53, 23, '', '2025-06-05 03:05:54'),
(1224, 53, 8, '', '2025-06-05 03:05:54'),
(1225, 53, 24, '', '2025-06-05 03:05:54'),
(1226, 53, 17, '', '2025-06-05 03:05:54'),
(1227, 53, 8, '', '2025-06-05 03:05:54'),
(1228, 53, 6, '', '2025-06-05 03:05:54'),
(1229, 53, 11, '', '2025-06-05 03:05:54'),
(1230, 53, 6, '', '2025-06-05 03:05:54'),
(1231, 53, 2, '', '2025-06-05 03:05:54'),
(1232, 53, 22, '', '2025-06-05 03:05:54'),
(1233, 53, 10, '', '2025-06-05 03:05:54'),
(1234, 53, 11, '', '2025-06-05 03:05:54'),
(1235, 53, 2, '', '2025-06-05 03:05:54'),
(1236, 53, 7, '', '2025-06-05 03:05:54'),
(1237, 53, 6, '', '2025-06-05 03:05:54'),
(1238, 53, 24, '', '2025-06-05 03:05:54'),
(1239, 53, 13, '', '2025-06-05 03:05:54'),
(1240, 53, 15, '', '2025-06-05 03:05:54'),
(1241, 53, 7, '', '2025-06-05 03:05:54'),
(1242, 53, 16, '', '2025-06-05 03:05:54'),
(1243, 53, 19, '', '2025-06-05 03:05:54'),
(1244, 53, 16, '', '2025-06-05 03:05:54'),
(1245, 53, 13, '', '2025-06-05 03:05:54'),
(1246, 53, 22, '', '2025-06-05 03:05:54'),
(1247, 54, 8, '', '2025-06-05 03:05:54'),
(1248, 54, 12, '', '2025-06-05 03:05:54'),
(1249, 54, 2, '', '2025-06-05 03:05:54'),
(1250, 54, 6, '', '2025-06-05 03:05:54'),
(1251, 54, 14, '', '2025-06-05 03:05:54'),
(1252, 54, 21, '', '2025-06-05 03:05:54'),
(1253, 54, 9, '', '2025-06-05 03:05:54'),
(1254, 54, 24, '', '2025-06-05 03:05:54'),
(1255, 54, 9, '', '2025-06-05 03:05:54'),
(1256, 54, 5, '', '2025-06-05 03:05:54'),
(1257, 54, 14, '', '2025-06-05 03:05:54'),
(1258, 54, 23, '', '2025-06-05 03:05:54'),
(1259, 54, 16, '', '2025-06-05 03:05:54'),
(1260, 54, 24, '', '2025-06-05 03:05:54'),
(1261, 54, 7, '', '2025-06-05 03:05:54'),
(1262, 54, 8, '', '2025-06-05 03:05:54'),
(1263, 54, 1, '', '2025-06-05 03:05:54'),
(1264, 54, 23, '', '2025-06-05 03:05:54'),
(1265, 54, 6, '', '2025-06-05 03:05:54'),
(1266, 54, 21, '', '2025-06-05 03:05:54'),
(1267, 54, 12, '', '2025-06-05 03:05:54'),
(1268, 54, 23, '', '2025-06-05 03:05:54'),
(1269, 54, 11, '', '2025-06-05 03:05:54'),
(1270, 54, 10, '', '2025-06-05 03:05:54'),
(1271, 54, 12, '', '2025-06-05 03:05:54'),
(1272, 54, 8, '', '2025-06-05 03:05:54'),
(1273, 54, 9, '', '2025-06-05 03:05:54'),
(1274, 54, 5, '', '2025-06-05 03:05:54'),
(1275, 54, 24, '', '2025-06-05 03:05:54'),
(1276, 54, 6, '', '2025-06-05 03:05:54'),
(1277, 54, 5, '', '2025-06-05 03:05:54'),
(1278, 54, 5, '', '2025-06-05 03:05:54'),
(1279, 54, 7, '', '2025-06-05 03:05:54'),
(1280, 54, 14, '', '2025-06-05 03:05:54'),
(1281, 54, 13, '', '2025-06-05 03:05:54'),
(1282, 54, 24, '', '2025-06-05 03:05:54'),
(1283, 54, 4, '', '2025-06-05 03:05:54'),
(1284, 54, 23, '', '2025-06-05 03:05:54'),
(1285, 54, 2, '', '2025-06-05 03:05:54'),
(1286, 54, 1, '', '2025-06-05 03:05:54'),
(1287, 54, 19, '', '2025-06-05 03:05:54'),
(1288, 54, 5, '', '2025-06-05 03:05:54'),
(1289, 54, 12, '', '2025-06-05 03:05:54'),
(1290, 54, 4, '', '2025-06-05 03:05:54'),
(1291, 54, 5, '', '2025-06-05 03:05:54'),
(1292, 54, 21, '', '2025-06-05 03:05:54'),
(1293, 55, 12, '', '2025-06-05 03:05:54'),
(1294, 55, 15, '', '2025-06-05 03:05:54'),
(1295, 55, 18, '', '2025-06-05 03:05:54'),
(1296, 55, 11, '', '2025-06-05 03:05:54'),
(1297, 55, 6, '', '2025-06-05 03:05:54'),
(1298, 55, 18, '', '2025-06-05 03:05:54'),
(1299, 55, 20, '', '2025-06-05 03:05:54'),
(1300, 55, 19, '', '2025-06-05 03:05:54'),
(1301, 55, 1, '', '2025-06-05 03:05:54'),
(1302, 55, 17, '', '2025-06-05 03:05:54'),
(1303, 55, 17, '', '2025-06-05 03:05:54'),
(1304, 55, 5, '', '2025-06-05 03:05:54'),
(1305, 55, 9, '', '2025-06-05 03:05:54'),
(1306, 55, 24, '', '2025-06-05 03:05:54'),
(1307, 55, 6, '', '2025-06-05 03:05:54'),
(1308, 55, 11, '', '2025-06-05 03:05:54'),
(1309, 55, 22, '', '2025-06-05 03:05:54'),
(1310, 55, 12, '', '2025-06-05 03:05:54'),
(1311, 55, 6, '', '2025-06-05 03:05:54'),
(1312, 55, 22, '', '2025-06-05 03:05:54'),
(1313, 55, 7, '', '2025-06-05 03:05:54'),
(1314, 55, 1, '', '2025-06-05 03:05:54'),
(1315, 55, 11, '', '2025-06-05 03:05:54'),
(1316, 55, 1, '', '2025-06-05 03:05:54'),
(1317, 55, 19, '', '2025-06-05 03:05:54'),
(1318, 55, 12, '', '2025-06-05 03:05:54'),
(1319, 55, 9, '', '2025-06-05 03:05:54'),
(1320, 21, 4, '', '2025-06-05 03:05:54'),
(1321, 21, 13, '', '2025-06-05 03:05:54'),
(1322, 21, 24, '', '2025-06-05 03:05:54'),
(1323, 21, 1, '', '2025-06-05 03:05:54'),
(1324, 21, 23, '', '2025-06-05 03:05:54'),
(1325, 21, 23, '', '2025-06-05 03:05:54'),
(1326, 21, 6, '', '2025-06-05 03:05:54'),
(1327, 21, 24, '', '2025-06-05 03:05:54'),
(1328, 21, 14, '', '2025-06-05 03:05:54'),
(1329, 21, 24, '', '2025-06-05 03:05:54'),
(1330, 21, 20, '', '2025-06-05 03:05:54'),
(1331, 21, 18, '', '2025-06-05 03:05:54'),
(1332, 21, 15, '', '2025-06-05 03:05:54'),
(1333, 21, 17, '', '2025-06-05 03:05:54'),
(1334, 21, 10, '', '2025-06-05 03:05:54'),
(1335, 21, 1, '', '2025-06-05 03:05:54'),
(1336, 21, 13, '', '2025-06-05 03:05:54'),
(1337, 21, 18, '', '2025-06-05 03:05:54'),
(1338, 21, 24, '', '2025-06-05 03:05:54'),
(1339, 21, 23, '', '2025-06-05 03:05:54'),
(1340, 21, 11, '', '2025-06-05 03:05:54'),
(1341, 21, 10, '', '2025-06-05 03:05:54'),
(1342, 21, 8, '', '2025-06-05 03:05:54'),
(1343, 21, 22, '', '2025-06-05 03:05:54'),
(1344, 21, 7, '', '2025-06-05 03:05:54'),
(1345, 21, 12, '', '2025-06-05 03:05:54'),
(1346, 21, 18, '', '2025-06-05 03:05:54'),
(1347, 22, 7, '', '2025-06-05 03:05:54'),
(1348, 22, 19, '', '2025-06-05 03:05:54'),
(1349, 22, 18, '', '2025-06-05 03:05:54'),
(1350, 22, 9, '', '2025-06-05 03:05:54'),
(1351, 22, 8, '', '2025-06-05 03:05:54'),
(1352, 22, 13, '', '2025-06-05 03:05:54'),
(1353, 22, 17, '', '2025-06-05 03:05:54'),
(1354, 22, 13, '', '2025-06-05 03:05:54'),
(1355, 22, 8, '', '2025-06-05 03:05:54'),
(1356, 22, 4, '', '2025-06-05 03:05:54'),
(1357, 22, 9, '', '2025-06-05 03:05:54'),
(1358, 22, 22, '', '2025-06-05 03:05:54'),
(1359, 22, 11, '', '2025-06-05 03:05:54'),
(1360, 22, 18, '', '2025-06-05 03:05:54'),
(1361, 22, 13, '', '2025-06-05 03:05:54'),
(1362, 22, 13, '', '2025-06-05 03:05:54'),
(1363, 22, 21, '', '2025-06-05 03:05:54'),
(1364, 22, 2, '', '2025-06-05 03:05:54'),
(1365, 22, 13, '', '2025-06-05 03:05:54'),
(1366, 22, 6, '', '2025-06-05 03:05:54'),
(1367, 22, 24, '', '2025-06-05 03:05:54'),
(1368, 22, 12, '', '2025-06-05 03:05:54'),
(1369, 22, 18, '', '2025-06-05 03:05:54'),
(1370, 22, 14, '', '2025-06-05 03:05:54'),
(1371, 22, 11, '', '2025-06-05 03:05:54'),
(1372, 22, 6, '', '2025-06-05 03:05:54'),
(1373, 22, 20, '', '2025-06-05 03:05:54'),
(1374, 22, 22, '', '2025-06-05 03:05:54'),
(1375, 22, 12, '', '2025-06-05 03:05:54'),
(1376, 22, 10, '', '2025-06-05 03:05:54'),
(1377, 22, 15, '', '2025-06-05 03:05:54'),
(1378, 22, 8, '', '2025-06-05 03:05:54'),
(1379, 22, 12, '', '2025-06-05 03:05:54'),
(1380, 22, 18, '', '2025-06-05 03:05:54'),
(1381, 22, 10, '', '2025-06-05 03:05:54'),
(1382, 22, 14, '', '2025-06-05 03:05:54'),
(1383, 22, 2, '', '2025-06-05 03:05:54'),
(1384, 22, 17, '', '2025-06-05 03:05:54'),
(1385, 22, 1, '', '2025-06-05 03:05:54'),
(1386, 22, 13, '', '2025-06-05 03:05:54'),
(1387, 22, 17, '', '2025-06-05 03:05:54'),
(1388, 22, 23, '', '2025-06-05 03:05:54'),
(1389, 22, 23, '', '2025-06-05 03:05:54'),
(1390, 22, 19, '', '2025-06-05 03:05:54'),
(1391, 23, 20, '', '2025-06-05 03:05:54'),
(1392, 23, 22, '', '2025-06-05 03:05:54'),
(1393, 23, 4, '', '2025-06-05 03:05:54'),
(1394, 23, 7, '', '2025-06-05 03:05:54'),
(1395, 23, 20, '', '2025-06-05 03:05:54'),
(1396, 23, 24, '', '2025-06-05 03:05:54'),
(1397, 23, 8, '', '2025-06-05 03:05:54'),
(1398, 23, 10, '', '2025-06-05 03:05:54'),
(1399, 23, 18, '', '2025-06-05 03:05:54'),
(1400, 23, 2, '', '2025-06-05 03:05:54'),
(1401, 23, 24, '', '2025-06-05 03:05:54'),
(1402, 23, 5, '', '2025-06-05 03:05:54'),
(1403, 23, 1, '', '2025-06-05 03:05:54'),
(1404, 23, 1, '', '2025-06-05 03:05:54'),
(1405, 23, 5, '', '2025-06-05 03:05:54'),
(1406, 23, 16, '', '2025-06-05 03:05:54'),
(1407, 23, 14, '', '2025-06-05 03:05:54'),
(1408, 23, 2, '', '2025-06-05 03:05:54'),
(1409, 23, 20, '', '2025-06-05 03:05:54'),
(1410, 23, 17, '', '2025-06-05 03:05:54'),
(1411, 23, 10, '', '2025-06-05 03:05:54'),
(1412, 23, 14, '', '2025-06-05 03:05:54'),
(1413, 23, 4, '', '2025-06-05 03:05:54'),
(1414, 23, 4, '', '2025-06-05 03:05:54'),
(1415, 23, 4, '', '2025-06-05 03:05:54'),
(1416, 23, 16, '', '2025-06-05 03:05:54'),
(1417, 23, 8, '', '2025-06-05 03:05:54'),
(1418, 23, 16, '', '2025-06-05 03:05:54'),
(1419, 23, 8, '', '2025-06-05 03:05:54'),
(1420, 23, 11, '', '2025-06-05 03:05:54'),
(1421, 23, 23, '', '2025-06-05 03:05:54'),
(1422, 23, 19, '', '2025-06-05 03:05:54'),
(1423, 23, 24, '', '2025-06-05 03:05:54'),
(1424, 23, 13, '', '2025-06-05 03:05:54'),
(1425, 23, 14, '', '2025-06-05 03:05:54'),
(1426, 23, 11, '', '2025-06-05 03:05:54'),
(1427, 23, 13, '', '2025-06-05 03:05:54'),
(1428, 23, 13, '', '2025-06-05 03:05:54'),
(1429, 23, 13, '', '2025-06-05 03:05:54'),
(1430, 24, 8, '', '2025-06-05 03:05:54'),
(1431, 24, 23, '', '2025-06-05 03:05:54'),
(1432, 24, 5, '', '2025-06-05 03:05:54'),
(1433, 24, 17, '', '2025-06-05 03:05:54'),
(1434, 24, 2, '', '2025-06-05 03:05:54'),
(1435, 24, 19, '', '2025-06-05 03:05:54'),
(1436, 24, 8, '', '2025-06-05 03:05:54'),
(1437, 24, 11, '', '2025-06-05 03:05:54'),
(1438, 24, 5, '', '2025-06-05 03:05:54'),
(1439, 24, 12, '', '2025-06-05 03:05:54'),
(1440, 24, 15, '', '2025-06-05 03:05:54'),
(1441, 24, 15, '', '2025-06-05 03:05:54'),
(1442, 24, 17, '', '2025-06-05 03:05:54'),
(1443, 24, 15, '', '2025-06-05 03:05:54'),
(1444, 24, 9, '', '2025-06-05 03:05:54'),
(1445, 24, 22, '', '2025-06-05 03:05:54'),
(1446, 24, 14, '', '2025-06-05 03:05:54'),
(1447, 24, 7, '', '2025-06-05 03:05:54'),
(1448, 24, 12, '', '2025-06-05 03:05:54'),
(1449, 24, 24, '', '2025-06-05 03:05:54'),
(1450, 25, 11, '', '2025-06-05 03:05:54'),
(1451, 25, 2, '', '2025-06-05 03:05:54'),
(1452, 25, 22, '', '2025-06-05 03:05:54'),
(1453, 25, 24, '', '2025-06-05 03:05:54'),
(1454, 25, 5, '', '2025-06-05 03:05:54'),
(1455, 25, 11, '', '2025-06-05 03:05:54'),
(1456, 25, 6, '', '2025-06-05 03:05:54'),
(1457, 25, 16, '', '2025-06-05 03:05:54'),
(1458, 25, 7, '', '2025-06-05 03:05:54'),
(1459, 25, 9, '', '2025-06-05 03:05:54'),
(1460, 25, 14, '', '2025-06-05 03:05:54'),
(1461, 25, 23, '', '2025-06-05 03:05:54'),
(1462, 25, 20, '', '2025-06-05 03:05:54'),
(1463, 25, 21, '', '2025-06-05 03:05:54'),
(1464, 25, 1, '', '2025-06-05 03:05:54'),
(1465, 25, 17, '', '2025-06-05 03:05:54'),
(1466, 25, 6, '', '2025-06-05 03:05:54'),
(1467, 25, 11, '', '2025-06-05 03:05:54'),
(1468, 25, 11, '', '2025-06-05 03:05:54'),
(1469, 25, 24, '', '2025-06-05 03:05:54'),
(1470, 25, 24, '', '2025-06-05 03:05:54'),
(1471, 25, 13, '', '2025-06-05 03:05:54'),
(1472, 26, 21, '', '2025-06-05 03:05:54'),
(1473, 26, 23, '', '2025-06-05 03:05:54'),
(1474, 26, 22, '', '2025-06-05 03:05:54'),
(1475, 26, 10, '', '2025-06-05 03:05:54'),
(1476, 26, 4, '', '2025-06-05 03:05:54'),
(1477, 26, 13, '', '2025-06-05 03:05:54'),
(1478, 26, 6, '', '2025-06-05 03:05:54'),
(1479, 26, 20, '', '2025-06-05 03:05:54'),
(1480, 26, 9, '', '2025-06-05 03:05:54'),
(1481, 26, 7, '', '2025-06-05 03:05:54'),
(1482, 26, 4, '', '2025-06-05 03:05:54'),
(1483, 26, 12, '', '2025-06-05 03:05:54'),
(1484, 26, 11, '', '2025-06-05 03:05:54'),
(1485, 26, 5, '', '2025-06-05 03:05:54');
INSERT INTO `post_views` (`id`, `post_id`, `user_id`, `ip_address`, `viewed_at`) VALUES
(1486, 26, 7, '', '2025-06-05 03:05:54'),
(1487, 26, 5, '', '2025-06-05 03:05:54'),
(1488, 26, 9, '', '2025-06-05 03:05:54'),
(1489, 26, 23, '', '2025-06-05 03:05:54'),
(1490, 26, 17, '', '2025-06-05 03:05:54'),
(1491, 26, 1, '', '2025-06-05 03:05:54'),
(1492, 26, 8, '', '2025-06-05 03:05:54'),
(1493, 26, 10, '', '2025-06-05 03:05:54'),
(1494, 26, 14, '', '2025-06-05 03:05:54'),
(1495, 39, 23, '', '2025-06-05 03:05:54'),
(1496, 39, 9, '', '2025-06-05 03:05:54'),
(1497, 39, 5, '', '2025-06-05 03:05:54'),
(1498, 39, 4, '', '2025-06-05 03:05:54'),
(1499, 39, 13, '', '2025-06-05 03:05:54'),
(1500, 39, 22, '', '2025-06-05 03:05:54'),
(1501, 39, 2, '', '2025-06-05 03:05:54'),
(1502, 39, 11, '', '2025-06-05 03:05:54'),
(1503, 39, 9, '', '2025-06-05 03:05:54'),
(1504, 39, 2, '', '2025-06-05 03:05:54'),
(1505, 39, 5, '', '2025-06-05 03:05:54'),
(1506, 39, 1, '', '2025-06-05 03:05:54'),
(1507, 39, 4, '', '2025-06-05 03:05:54'),
(1508, 39, 8, '', '2025-06-05 03:05:54'),
(1509, 39, 19, '', '2025-06-05 03:05:54'),
(1510, 39, 12, '', '2025-06-05 03:05:54'),
(1511, 39, 13, '', '2025-06-05 03:05:54'),
(1512, 39, 24, '', '2025-06-05 03:05:54'),
(1513, 39, 19, '', '2025-06-05 03:05:54'),
(1514, 39, 21, '', '2025-06-05 03:05:54'),
(1515, 39, 11, '', '2025-06-05 03:05:54'),
(1516, 39, 10, '', '2025-06-05 03:05:54'),
(1517, 39, 21, '', '2025-06-05 03:05:54'),
(1518, 39, 17, '', '2025-06-05 03:05:54'),
(1519, 39, 12, '', '2025-06-05 03:05:54'),
(1520, 39, 21, '', '2025-06-05 03:05:54'),
(1521, 39, 19, '', '2025-06-05 03:05:54'),
(1522, 39, 7, '', '2025-06-05 03:05:54'),
(1523, 39, 7, '', '2025-06-05 03:05:54'),
(1524, 39, 19, '', '2025-06-05 03:05:54'),
(1525, 39, 24, '', '2025-06-05 03:05:54'),
(1526, 39, 2, '', '2025-06-05 03:05:54'),
(1527, 39, 23, '', '2025-06-05 03:05:54'),
(1528, 39, 8, '', '2025-06-05 03:05:54'),
(1529, 39, 4, '', '2025-06-05 03:05:54'),
(1530, 39, 6, '', '2025-06-05 03:05:54'),
(1531, 39, 17, '', '2025-06-05 03:05:54'),
(1532, 39, 20, '', '2025-06-05 03:05:54'),
(1533, 39, 6, '', '2025-06-05 03:05:54'),
(1534, 39, 4, '', '2025-06-05 03:05:54'),
(1535, 39, 6, '', '2025-06-05 03:05:54'),
(1536, 39, 5, '', '2025-06-05 03:05:54'),
(1537, 40, 14, '', '2025-06-05 03:05:54'),
(1538, 40, 5, '', '2025-06-05 03:05:54'),
(1539, 40, 19, '', '2025-06-05 03:05:54'),
(1540, 40, 8, '', '2025-06-05 03:05:54'),
(1541, 40, 24, '', '2025-06-05 03:05:54'),
(1542, 40, 21, '', '2025-06-05 03:05:54'),
(1543, 40, 22, '', '2025-06-05 03:05:54'),
(1544, 40, 22, '', '2025-06-05 03:05:54'),
(1545, 40, 13, '', '2025-06-05 03:05:54'),
(1546, 40, 9, '', '2025-06-05 03:05:54'),
(1547, 40, 2, '', '2025-06-05 03:05:54'),
(1548, 40, 19, '', '2025-06-05 03:05:54'),
(1549, 40, 22, '', '2025-06-05 03:05:54'),
(1550, 40, 21, '', '2025-06-05 03:05:54'),
(1551, 40, 13, '', '2025-06-05 03:05:54'),
(1552, 40, 6, '', '2025-06-05 03:05:54'),
(1553, 40, 8, '', '2025-06-05 03:05:54'),
(1554, 40, 21, '', '2025-06-05 03:05:54'),
(1555, 40, 12, '', '2025-06-05 03:05:54'),
(1556, 40, 11, '', '2025-06-05 03:05:54'),
(1557, 40, 18, '', '2025-06-05 03:05:54'),
(1558, 40, 1, '', '2025-06-05 03:05:54'),
(1559, 40, 23, '', '2025-06-05 03:05:54'),
(1560, 40, 8, '', '2025-06-05 03:05:54'),
(1561, 40, 17, '', '2025-06-05 03:05:54'),
(1562, 40, 8, '', '2025-06-05 03:05:54'),
(1563, 40, 1, '', '2025-06-05 03:05:54'),
(1564, 40, 13, '', '2025-06-05 03:05:54'),
(1565, 40, 19, '', '2025-06-05 03:05:54'),
(1566, 41, 18, '', '2025-06-05 03:05:54'),
(1567, 41, 16, '', '2025-06-05 03:05:54'),
(1568, 41, 12, '', '2025-06-05 03:05:54'),
(1569, 41, 16, '', '2025-06-05 03:05:54'),
(1570, 41, 8, '', '2025-06-05 03:05:54'),
(1571, 41, 9, '', '2025-06-05 03:05:54'),
(1572, 41, 10, '', '2025-06-05 03:05:54'),
(1573, 41, 6, '', '2025-06-05 03:05:54'),
(1574, 41, 16, '', '2025-06-05 03:05:54'),
(1575, 41, 9, '', '2025-06-05 03:05:54'),
(1576, 41, 9, '', '2025-06-05 03:05:54'),
(1577, 41, 6, '', '2025-06-05 03:05:54'),
(1578, 41, 12, '', '2025-06-05 03:05:54'),
(1579, 41, 22, '', '2025-06-05 03:05:54'),
(1580, 41, 23, '', '2025-06-05 03:05:54'),
(1581, 41, 8, '', '2025-06-05 03:05:54'),
(1582, 41, 11, '', '2025-06-05 03:05:54'),
(1583, 41, 21, '', '2025-06-05 03:05:54'),
(1584, 41, 18, '', '2025-06-05 03:05:54'),
(1585, 41, 23, '', '2025-06-05 03:05:54'),
(1586, 41, 12, '', '2025-06-05 03:05:54'),
(1587, 41, 18, '', '2025-06-05 03:05:54'),
(1588, 41, 1, '', '2025-06-05 03:05:54'),
(1589, 41, 7, '', '2025-06-05 03:05:54'),
(1590, 41, 21, '', '2025-06-05 03:05:54'),
(1591, 41, 21, '', '2025-06-05 03:05:54'),
(1592, 41, 6, '', '2025-06-05 03:05:54'),
(1593, 41, 1, '', '2025-06-05 03:05:54'),
(1594, 41, 6, '', '2025-06-05 03:05:54'),
(1595, 41, 17, '', '2025-06-05 03:05:54'),
(1596, 41, 1, '', '2025-06-05 03:05:54'),
(1597, 41, 9, '', '2025-06-05 03:05:54'),
(1598, 42, 4, '', '2025-06-05 03:05:54'),
(1599, 42, 24, '', '2025-06-05 03:05:54'),
(1600, 42, 6, '', '2025-06-05 03:05:54'),
(1601, 42, 9, '', '2025-06-05 03:05:54'),
(1602, 42, 9, '', '2025-06-05 03:05:54'),
(1603, 42, 7, '', '2025-06-05 03:05:54'),
(1604, 42, 23, '', '2025-06-05 03:05:54'),
(1605, 42, 19, '', '2025-06-05 03:05:54'),
(1606, 42, 13, '', '2025-06-05 03:05:54'),
(1607, 42, 13, '', '2025-06-05 03:05:54'),
(1608, 42, 4, '', '2025-06-05 03:05:54'),
(1609, 42, 11, '', '2025-06-05 03:05:54'),
(1610, 42, 19, '', '2025-06-05 03:05:54'),
(1611, 42, 8, '', '2025-06-05 03:05:54'),
(1612, 42, 8, '', '2025-06-05 03:05:54'),
(1613, 42, 24, '', '2025-06-05 03:05:54'),
(1614, 42, 12, '', '2025-06-05 03:05:54'),
(1615, 42, 14, '', '2025-06-05 03:05:54'),
(1616, 42, 22, '', '2025-06-05 03:05:54'),
(1617, 42, 22, '', '2025-06-05 03:05:54'),
(1618, 42, 1, '', '2025-06-05 03:05:54'),
(1619, 42, 18, '', '2025-06-05 03:05:54'),
(1620, 42, 17, '', '2025-06-05 03:05:54'),
(1621, 42, 21, '', '2025-06-05 03:05:54'),
(1622, 42, 11, '', '2025-06-05 03:05:54'),
(1623, 42, 18, '', '2025-06-05 03:05:54'),
(1624, 42, 22, '', '2025-06-05 03:05:54'),
(1625, 42, 15, '', '2025-06-05 03:05:54'),
(1626, 42, 7, '', '2025-06-05 03:05:54'),
(1627, 42, 15, '', '2025-06-05 03:05:54'),
(1628, 42, 14, '', '2025-06-05 03:05:54'),
(1629, 42, 24, '', '2025-06-05 03:05:54'),
(1630, 42, 22, '', '2025-06-05 03:05:54'),
(1631, 42, 19, '', '2025-06-05 03:05:54'),
(1632, 42, 19, '', '2025-06-05 03:05:54'),
(1633, 42, 20, '', '2025-06-05 03:05:54'),
(1634, 42, 19, '', '2025-06-05 03:05:54'),
(1635, 42, 20, '', '2025-06-05 03:05:54'),
(1636, 42, 20, '', '2025-06-05 03:05:54'),
(1637, 43, 1, '', '2025-06-05 03:05:54'),
(1638, 43, 12, '', '2025-06-05 03:05:54'),
(1639, 43, 5, '', '2025-06-05 03:05:54'),
(1640, 43, 17, '', '2025-06-05 03:05:54'),
(1641, 43, 9, '', '2025-06-05 03:05:54'),
(1642, 43, 18, '', '2025-06-05 03:05:54'),
(1643, 43, 22, '', '2025-06-05 03:05:54'),
(1644, 43, 24, '', '2025-06-05 03:05:54'),
(1645, 43, 7, '', '2025-06-05 03:05:54'),
(1646, 43, 23, '', '2025-06-05 03:05:54'),
(1647, 43, 4, '', '2025-06-05 03:05:54'),
(1648, 43, 13, '', '2025-06-05 03:05:54'),
(1649, 43, 5, '', '2025-06-05 03:05:54'),
(1650, 43, 6, '', '2025-06-05 03:05:54'),
(1651, 43, 13, '', '2025-06-05 03:05:54'),
(1652, 43, 15, '', '2025-06-05 03:05:54'),
(1653, 43, 16, '', '2025-06-05 03:05:54'),
(1654, 43, 18, '', '2025-06-05 03:05:54'),
(1655, 43, 19, '', '2025-06-05 03:05:54'),
(1656, 43, 18, '', '2025-06-05 03:05:54'),
(1657, 43, 17, '', '2025-06-05 03:05:54'),
(1658, 43, 6, '', '2025-06-05 03:05:54'),
(1659, 43, 17, '', '2025-06-05 03:05:54'),
(1660, 43, 10, '', '2025-06-05 03:05:54'),
(1661, 43, 1, '', '2025-06-05 03:05:54'),
(1662, 43, 10, '', '2025-06-05 03:05:54'),
(1663, 43, 14, '', '2025-06-05 03:05:54'),
(1664, 43, 6, '', '2025-06-05 03:05:54'),
(1665, 43, 11, '', '2025-06-05 03:05:54'),
(1666, 43, 17, '', '2025-06-05 03:05:54'),
(1667, 44, 12, '', '2025-06-05 03:05:54'),
(1668, 44, 16, '', '2025-06-05 03:05:54'),
(1669, 44, 8, '', '2025-06-05 03:05:54'),
(1670, 44, 7, '', '2025-06-05 03:05:54'),
(1671, 44, 21, '', '2025-06-05 03:05:54'),
(1672, 44, 19, '', '2025-06-05 03:05:54'),
(1673, 44, 23, '', '2025-06-05 03:05:54'),
(1674, 44, 4, '', '2025-06-05 03:05:54'),
(1675, 44, 8, '', '2025-06-05 03:05:54'),
(1676, 44, 21, '', '2025-06-05 03:05:54'),
(1677, 44, 21, '', '2025-06-05 03:05:54'),
(1678, 44, 24, '', '2025-06-05 03:05:54'),
(1679, 44, 11, '', '2025-06-05 03:05:54'),
(1680, 44, 4, '', '2025-06-05 03:05:54'),
(1681, 44, 6, '', '2025-06-05 03:05:54'),
(1682, 44, 21, '', '2025-06-05 03:05:54'),
(1683, 44, 23, '', '2025-06-05 03:05:54'),
(1684, 44, 15, '', '2025-06-05 03:05:54'),
(1685, 44, 2, '', '2025-06-05 03:05:54'),
(1686, 44, 22, '', '2025-06-05 03:05:54'),
(1687, 44, 6, '', '2025-06-05 03:05:54'),
(1688, 44, 24, '', '2025-06-05 03:05:54'),
(1689, 44, 22, '', '2025-06-05 03:05:54'),
(1690, 44, 13, '', '2025-06-05 03:05:54'),
(1691, 44, 24, '', '2025-06-05 03:05:54'),
(1692, 44, 22, '', '2025-06-05 03:05:54'),
(1693, 44, 12, '', '2025-06-05 03:05:54'),
(1694, 44, 1, '', '2025-06-05 03:05:54'),
(1695, 44, 6, '', '2025-06-05 03:05:54'),
(1696, 44, 11, '', '2025-06-05 03:05:54'),
(1697, 44, 16, '', '2025-06-05 03:05:54'),
(1698, 44, 15, '', '2025-06-05 03:05:54'),
(1699, 44, 23, '', '2025-06-05 03:05:54'),
(1700, 44, 11, '', '2025-06-05 03:05:54'),
(1701, 44, 21, '', '2025-06-05 03:05:54'),
(1702, 44, 17, '', '2025-06-05 03:05:54'),
(1703, 44, 10, '', '2025-06-05 03:05:54'),
(1704, 44, 10, '', '2025-06-05 03:05:54'),
(1705, 33, 12, '', '2025-06-05 03:05:54'),
(1706, 33, 19, '', '2025-06-05 03:05:54'),
(1707, 33, 13, '', '2025-06-05 03:05:54'),
(1708, 33, 14, '', '2025-06-05 03:05:54'),
(1709, 33, 6, '', '2025-06-05 03:05:54'),
(1710, 33, 13, '', '2025-06-05 03:05:54'),
(1711, 33, 16, '', '2025-06-05 03:05:54'),
(1712, 33, 4, '', '2025-06-05 03:05:54'),
(1713, 33, 24, '', '2025-06-05 03:05:54'),
(1714, 33, 1, '', '2025-06-05 03:05:54'),
(1715, 33, 9, '', '2025-06-05 03:05:54'),
(1716, 33, 20, '', '2025-06-05 03:05:54'),
(1717, 33, 22, '', '2025-06-05 03:05:54'),
(1718, 33, 23, '', '2025-06-05 03:05:54'),
(1719, 33, 4, '', '2025-06-05 03:05:54'),
(1720, 33, 24, '', '2025-06-05 03:05:54'),
(1721, 33, 9, '', '2025-06-05 03:05:54'),
(1722, 33, 14, '', '2025-06-05 03:05:54'),
(1723, 33, 18, '', '2025-06-05 03:05:54'),
(1724, 33, 8, '', '2025-06-05 03:05:54'),
(1725, 33, 19, '', '2025-06-05 03:05:54'),
(1726, 33, 9, '', '2025-06-05 03:05:54'),
(1727, 33, 23, '', '2025-06-05 03:05:54'),
(1728, 33, 9, '', '2025-06-05 03:05:54'),
(1729, 33, 15, '', '2025-06-05 03:05:54'),
(1730, 33, 9, '', '2025-06-05 03:05:54'),
(1731, 33, 18, '', '2025-06-05 03:05:54'),
(1732, 33, 7, '', '2025-06-05 03:05:54'),
(1733, 33, 9, '', '2025-06-05 03:05:54'),
(1734, 33, 19, '', '2025-06-05 03:05:54'),
(1735, 33, 11, '', '2025-06-05 03:05:54'),
(1736, 33, 10, '', '2025-06-05 03:05:54'),
(1737, 33, 13, '', '2025-06-05 03:05:54'),
(1738, 33, 5, '', '2025-06-05 03:05:54'),
(1739, 33, 18, '', '2025-06-05 03:05:54'),
(1740, 33, 10, '', '2025-06-05 03:05:54'),
(1741, 33, 21, '', '2025-06-05 03:05:54'),
(1742, 33, 10, '', '2025-06-05 03:05:54'),
(1743, 33, 4, '', '2025-06-05 03:05:54'),
(1744, 33, 8, '', '2025-06-05 03:05:54'),
(1745, 33, 7, '', '2025-06-05 03:05:54'),
(1746, 33, 5, '', '2025-06-05 03:05:54'),
(1747, 33, 18, '', '2025-06-05 03:05:54'),
(1748, 33, 16, '', '2025-06-05 03:05:54'),
(1749, 33, 18, '', '2025-06-05 03:05:54'),
(1750, 33, 1, '', '2025-06-05 03:05:54'),
(1751, 33, 15, '', '2025-06-05 03:05:54'),
(1752, 33, 5, '', '2025-06-05 03:05:54'),
(1753, 34, 7, '', '2025-06-05 03:05:54'),
(1754, 34, 5, '', '2025-06-05 03:05:54'),
(1755, 34, 5, '', '2025-06-05 03:05:54'),
(1756, 34, 7, '', '2025-06-05 03:05:54'),
(1757, 34, 17, '', '2025-06-05 03:05:54'),
(1758, 34, 8, '', '2025-06-05 03:05:54'),
(1759, 34, 6, '', '2025-06-05 03:05:54'),
(1760, 34, 24, '', '2025-06-05 03:05:54'),
(1761, 34, 22, '', '2025-06-05 03:05:54'),
(1762, 34, 24, '', '2025-06-05 03:05:54'),
(1763, 34, 12, '', '2025-06-05 03:05:54'),
(1764, 34, 19, '', '2025-06-05 03:05:54'),
(1765, 34, 20, '', '2025-06-05 03:05:54'),
(1766, 34, 15, '', '2025-06-05 03:05:54'),
(1767, 34, 2, '', '2025-06-05 03:05:54'),
(1768, 34, 10, '', '2025-06-05 03:05:54'),
(1769, 34, 2, '', '2025-06-05 03:05:54'),
(1770, 34, 7, '', '2025-06-05 03:05:54'),
(1771, 34, 8, '', '2025-06-05 03:05:54'),
(1772, 34, 10, '', '2025-06-05 03:05:54'),
(1773, 34, 14, '', '2025-06-05 03:05:54'),
(1774, 34, 15, '', '2025-06-05 03:05:54'),
(1775, 34, 17, '', '2025-06-05 03:05:54'),
(1776, 34, 21, '', '2025-06-05 03:05:54'),
(1777, 34, 15, '', '2025-06-05 03:05:54'),
(1778, 34, 24, '', '2025-06-05 03:05:54'),
(1779, 34, 14, '', '2025-06-05 03:05:54'),
(1780, 34, 23, '', '2025-06-05 03:05:54'),
(1781, 34, 21, '', '2025-06-05 03:05:54'),
(1782, 34, 2, '', '2025-06-05 03:05:54'),
(1783, 34, 15, '', '2025-06-05 03:05:54'),
(1784, 35, 5, '', '2025-06-05 03:05:54'),
(1785, 35, 20, '', '2025-06-05 03:05:54'),
(1786, 35, 20, '', '2025-06-05 03:05:54'),
(1787, 35, 23, '', '2025-06-05 03:05:54'),
(1788, 35, 23, '', '2025-06-05 03:05:54'),
(1789, 35, 20, '', '2025-06-05 03:05:54'),
(1790, 35, 15, '', '2025-06-05 03:05:54'),
(1791, 35, 23, '', '2025-06-05 03:05:54'),
(1792, 35, 22, '', '2025-06-05 03:05:54'),
(1793, 35, 17, '', '2025-06-05 03:05:54'),
(1794, 35, 10, '', '2025-06-05 03:05:54'),
(1795, 35, 22, '', '2025-06-05 03:05:54'),
(1796, 35, 1, '', '2025-06-05 03:05:54'),
(1797, 35, 20, '', '2025-06-05 03:05:54'),
(1798, 35, 23, '', '2025-06-05 03:05:54'),
(1799, 35, 8, '', '2025-06-05 03:05:54'),
(1800, 35, 15, '', '2025-06-05 03:05:54'),
(1801, 35, 1, '', '2025-06-05 03:05:54'),
(1802, 35, 7, '', '2025-06-05 03:05:54'),
(1803, 35, 23, '', '2025-06-05 03:05:54'),
(1804, 35, 20, '', '2025-06-05 03:05:54'),
(1805, 35, 16, '', '2025-06-05 03:05:54'),
(1806, 35, 1, '', '2025-06-05 03:05:54'),
(1807, 35, 20, '', '2025-06-05 03:05:54'),
(1808, 35, 23, '', '2025-06-05 03:05:54'),
(1809, 35, 5, '', '2025-06-05 03:05:54'),
(1810, 35, 4, '', '2025-06-05 03:05:54'),
(1811, 35, 15, '', '2025-06-05 03:05:54'),
(1812, 35, 11, '', '2025-06-05 03:05:54'),
(1813, 35, 12, '', '2025-06-05 03:05:54'),
(1814, 35, 14, '', '2025-06-05 03:05:54'),
(1815, 35, 14, '', '2025-06-05 03:05:54'),
(1816, 35, 18, '', '2025-06-05 03:05:54'),
(1817, 35, 4, '', '2025-06-05 03:05:54'),
(1818, 35, 18, '', '2025-06-05 03:05:54'),
(1819, 35, 15, '', '2025-06-05 03:05:54'),
(1820, 35, 14, '', '2025-06-05 03:05:54'),
(1821, 35, 23, '', '2025-06-05 03:05:54'),
(1822, 35, 12, '', '2025-06-05 03:05:54'),
(1823, 35, 6, '', '2025-06-05 03:05:54'),
(1824, 35, 5, '', '2025-06-05 03:05:54'),
(1825, 35, 13, '', '2025-06-05 03:05:54'),
(1826, 35, 24, '', '2025-06-05 03:05:54'),
(1827, 35, 8, '', '2025-06-05 03:05:54'),
(1828, 35, 15, '', '2025-06-05 03:05:54'),
(1829, 35, 12, '', '2025-06-05 03:05:54'),
(1830, 35, 10, '', '2025-06-05 03:05:54'),
(1831, 35, 12, '', '2025-06-05 03:05:54'),
(1832, 35, 9, '', '2025-06-05 03:05:54'),
(1833, 36, 11, '', '2025-06-05 03:05:54'),
(1834, 36, 23, '', '2025-06-05 03:05:54'),
(1835, 36, 17, '', '2025-06-05 03:05:54'),
(1836, 36, 1, '', '2025-06-05 03:05:54'),
(1837, 36, 8, '', '2025-06-05 03:05:54'),
(1838, 36, 6, '', '2025-06-05 03:05:54'),
(1839, 36, 10, '', '2025-06-05 03:05:54'),
(1840, 36, 16, '', '2025-06-05 03:05:54'),
(1841, 36, 8, '', '2025-06-05 03:05:54'),
(1842, 36, 2, '', '2025-06-05 03:05:54'),
(1843, 36, 1, '', '2025-06-05 03:05:54'),
(1844, 36, 5, '', '2025-06-05 03:05:54'),
(1845, 36, 24, '', '2025-06-05 03:05:54'),
(1846, 36, 20, '', '2025-06-05 03:05:54'),
(1847, 36, 14, '', '2025-06-05 03:05:54'),
(1848, 36, 22, '', '2025-06-05 03:05:54'),
(1849, 36, 14, '', '2025-06-05 03:05:54'),
(1850, 36, 6, '', '2025-06-05 03:05:54'),
(1851, 36, 16, '', '2025-06-05 03:05:54'),
(1852, 36, 8, '', '2025-06-05 03:05:54'),
(1853, 37, 8, '', '2025-06-05 03:05:54'),
(1854, 37, 5, '', '2025-06-05 03:05:54'),
(1855, 37, 21, '', '2025-06-05 03:05:54'),
(1856, 37, 21, '', '2025-06-05 03:05:54'),
(1857, 37, 5, '', '2025-06-05 03:05:54'),
(1858, 37, 10, '', '2025-06-05 03:05:54'),
(1859, 37, 1, '', '2025-06-05 03:05:54'),
(1860, 37, 15, '', '2025-06-05 03:05:54'),
(1861, 37, 19, '', '2025-06-05 03:05:54'),
(1862, 37, 19, '', '2025-06-05 03:05:54'),
(1863, 37, 11, '', '2025-06-05 03:05:54'),
(1864, 37, 9, '', '2025-06-05 03:05:54'),
(1865, 37, 9, '', '2025-06-05 03:05:54'),
(1866, 37, 6, '', '2025-06-05 03:05:54'),
(1867, 37, 13, '', '2025-06-05 03:05:54'),
(1868, 37, 21, '', '2025-06-05 03:05:54'),
(1869, 37, 11, '', '2025-06-05 03:05:54'),
(1870, 37, 11, '', '2025-06-05 03:05:54'),
(1871, 37, 10, '', '2025-06-05 03:05:54'),
(1872, 37, 17, '', '2025-06-05 03:05:54'),
(1873, 37, 15, '', '2025-06-05 03:05:54'),
(1874, 37, 9, '', '2025-06-05 03:05:54'),
(1875, 37, 15, '', '2025-06-05 03:05:54'),
(1876, 37, 7, '', '2025-06-05 03:05:54'),
(1877, 37, 24, '', '2025-06-05 03:05:54'),
(1878, 37, 5, '', '2025-06-05 03:05:54'),
(1879, 37, 4, '', '2025-06-05 03:05:54'),
(1880, 37, 9, '', '2025-06-05 03:05:54'),
(1881, 37, 18, '', '2025-06-05 03:05:54'),
(1882, 37, 15, '', '2025-06-05 03:05:54'),
(1883, 37, 1, '', '2025-06-05 03:05:54'),
(1884, 37, 20, '', '2025-06-05 03:05:54'),
(1885, 37, 20, '', '2025-06-05 03:05:54'),
(1886, 37, 18, '', '2025-06-05 03:05:54'),
(1887, 37, 6, '', '2025-06-05 03:05:54'),
(1888, 37, 9, '', '2025-06-05 03:05:54'),
(1889, 37, 22, '', '2025-06-05 03:05:54'),
(1890, 37, 18, '', '2025-06-05 03:05:54'),
(1891, 37, 22, '', '2025-06-05 03:05:54'),
(1892, 37, 5, '', '2025-06-05 03:05:54'),
(1893, 37, 9, '', '2025-06-05 03:05:54'),
(1894, 37, 10, '', '2025-06-05 03:05:54'),
(1895, 37, 10, '', '2025-06-05 03:05:54'),
(1896, 37, 10, '', '2025-06-05 03:05:54'),
(1897, 38, 5, '', '2025-06-05 03:05:54'),
(1898, 38, 16, '', '2025-06-05 03:05:54'),
(1899, 38, 4, '', '2025-06-05 03:05:54'),
(1900, 38, 19, '', '2025-06-05 03:05:54'),
(1901, 38, 5, '', '2025-06-05 03:05:54'),
(1902, 38, 10, '', '2025-06-05 03:05:54'),
(1903, 38, 13, '', '2025-06-05 03:05:54'),
(1904, 38, 16, '', '2025-06-05 03:05:54'),
(1905, 38, 19, '', '2025-06-05 03:05:54'),
(1906, 38, 14, '', '2025-06-05 03:05:54'),
(1907, 38, 4, '', '2025-06-05 03:05:54'),
(1908, 38, 23, '', '2025-06-05 03:05:54'),
(1909, 38, 20, '', '2025-06-05 03:05:54'),
(1910, 38, 8, '', '2025-06-05 03:05:54'),
(1911, 38, 13, '', '2025-06-05 03:05:54'),
(1912, 38, 17, '', '2025-06-05 03:05:54'),
(1913, 38, 18, '', '2025-06-05 03:05:54'),
(1914, 38, 13, '', '2025-06-05 03:05:54'),
(1915, 38, 23, '', '2025-06-05 03:05:54'),
(1916, 38, 24, '', '2025-06-05 03:05:54'),
(1917, 38, 24, '', '2025-06-05 03:05:54'),
(1918, 38, 16, '', '2025-06-05 03:05:54'),
(1919, 38, 7, '', '2025-06-05 03:05:54'),
(1920, 38, 11, '', '2025-06-05 03:05:54'),
(1921, 38, 11, '', '2025-06-05 03:05:54'),
(1922, 38, 9, '', '2025-06-05 03:05:54'),
(1923, 38, 15, '', '2025-06-05 03:05:54'),
(1924, 38, 13, '', '2025-06-05 03:05:54'),
(1925, 38, 4, '', '2025-06-05 03:05:54'),
(1926, 38, 22, '', '2025-06-05 03:05:54'),
(1927, 38, 1, '', '2025-06-05 03:05:54'),
(1928, 38, 24, '', '2025-06-05 03:05:54'),
(1929, 38, 19, '', '2025-06-05 03:05:54'),
(1930, 38, 14, '', '2025-06-05 03:05:54'),
(1931, 38, 5, '', '2025-06-05 03:05:54'),
(1932, 38, 4, '', '2025-06-05 03:05:54'),
(1933, 38, 9, '', '2025-06-05 03:05:54'),
(1934, 38, 1, '', '2025-06-05 03:05:54'),
(1935, 38, 19, '', '2025-06-05 03:05:54'),
(1936, 38, 21, '', '2025-06-05 03:05:54'),
(1937, 38, 15, '', '2025-06-05 03:05:54'),
(1938, 108, 4, '', '2025-06-05 03:05:54'),
(1939, 108, 15, '', '2025-06-05 03:05:54'),
(1940, 108, 18, '', '2025-06-05 03:05:54'),
(1941, 108, 15, '', '2025-06-05 03:05:54'),
(1942, 108, 1, '', '2025-06-05 03:05:54'),
(1943, 108, 18, '', '2025-06-05 03:05:54'),
(1944, 108, 21, '', '2025-06-05 03:05:54'),
(1945, 108, 6, '', '2025-06-05 03:05:54'),
(1946, 108, 20, '', '2025-06-05 03:05:54'),
(1947, 108, 12, '', '2025-06-05 03:05:54'),
(1948, 108, 14, '', '2025-06-05 03:05:54'),
(1949, 108, 6, '', '2025-06-05 03:05:54'),
(1950, 108, 17, '', '2025-06-05 03:05:54'),
(1951, 108, 7, '', '2025-06-05 03:05:54'),
(1952, 108, 9, '', '2025-06-05 03:05:54'),
(1953, 108, 21, '', '2025-06-05 03:05:54'),
(1954, 108, 20, '', '2025-06-05 03:05:54'),
(1955, 108, 16, '', '2025-06-05 03:05:54'),
(1956, 108, 8, '', '2025-06-05 03:05:54'),
(1957, 108, 12, '', '2025-06-05 03:05:54'),
(1958, 109, 17, '', '2025-06-05 03:05:54'),
(1959, 109, 13, '', '2025-06-05 03:05:54'),
(1960, 109, 11, '', '2025-06-05 03:05:54'),
(1961, 109, 6, '', '2025-06-05 03:05:54'),
(1962, 109, 12, '', '2025-06-05 03:05:54'),
(1963, 109, 20, '', '2025-06-05 03:05:54'),
(1964, 109, 17, '', '2025-06-05 03:05:54'),
(1965, 109, 6, '', '2025-06-05 03:05:54'),
(1966, 109, 18, '', '2025-06-05 03:05:54'),
(1967, 109, 19, '', '2025-06-05 03:05:54'),
(1968, 109, 7, '', '2025-06-05 03:05:54'),
(1969, 109, 10, '', '2025-06-05 03:05:54'),
(1970, 109, 21, '', '2025-06-05 03:05:54'),
(1971, 109, 6, '', '2025-06-05 03:05:54'),
(1972, 109, 15, '', '2025-06-05 03:05:54'),
(1973, 109, 22, '', '2025-06-05 03:05:54'),
(1974, 109, 2, '', '2025-06-05 03:05:54'),
(1975, 109, 14, '', '2025-06-05 03:05:54'),
(1976, 109, 7, '', '2025-06-05 03:05:54'),
(1977, 109, 22, '', '2025-06-05 03:05:54'),
(1978, 109, 6, '', '2025-06-05 03:05:54'),
(1979, 109, 15, '', '2025-06-05 03:05:54'),
(1980, 109, 8, '', '2025-06-05 03:05:54'),
(1981, 109, 10, '', '2025-06-05 03:05:54'),
(1982, 109, 15, '', '2025-06-05 03:05:54'),
(1983, 109, 5, '', '2025-06-05 03:05:54'),
(1984, 109, 10, '', '2025-06-05 03:05:54'),
(1985, 109, 4, '', '2025-06-05 03:05:54'),
(1986, 109, 18, '', '2025-06-05 03:05:54'),
(1987, 109, 24, '', '2025-06-05 03:05:54'),
(1988, 109, 1, '', '2025-06-05 03:05:54'),
(1989, 109, 1, '', '2025-06-05 03:05:54'),
(1990, 109, 4, '', '2025-06-05 03:05:54'),
(1991, 109, 14, '', '2025-06-05 03:05:54'),
(1992, 109, 8, '', '2025-06-05 03:05:54'),
(1993, 109, 11, '', '2025-06-05 03:05:54'),
(1994, 110, 18, '', '2025-06-05 03:05:54'),
(1995, 110, 7, '', '2025-06-05 03:05:54'),
(1996, 110, 17, '', '2025-06-05 03:05:54'),
(1997, 110, 23, '', '2025-06-05 03:05:54'),
(1998, 110, 19, '', '2025-06-05 03:05:54'),
(1999, 110, 8, '', '2025-06-05 03:05:54'),
(2000, 110, 22, '', '2025-06-05 03:05:54'),
(2001, 110, 18, '', '2025-06-05 03:05:54'),
(2002, 110, 7, '', '2025-06-05 03:05:54'),
(2003, 110, 24, '', '2025-06-05 03:05:54'),
(2004, 110, 18, '', '2025-06-05 03:05:54'),
(2005, 110, 24, '', '2025-06-05 03:05:54'),
(2006, 110, 11, '', '2025-06-05 03:05:54'),
(2007, 110, 13, '', '2025-06-05 03:05:54'),
(2008, 110, 7, '', '2025-06-05 03:05:54'),
(2009, 110, 15, '', '2025-06-05 03:05:54'),
(2010, 110, 18, '', '2025-06-05 03:05:54'),
(2011, 110, 15, '', '2025-06-05 03:05:54'),
(2012, 110, 17, '', '2025-06-05 03:05:54'),
(2013, 110, 14, '', '2025-06-05 03:05:54'),
(2014, 110, 19, '', '2025-06-05 03:05:54'),
(2015, 110, 17, '', '2025-06-05 03:05:54'),
(2016, 110, 11, '', '2025-06-05 03:05:54'),
(2017, 110, 15, '', '2025-06-05 03:05:54'),
(2018, 110, 11, '', '2025-06-05 03:05:54'),
(2019, 110, 11, '', '2025-06-05 03:05:54'),
(2020, 111, 22, '', '2025-06-05 03:05:54'),
(2021, 111, 21, '', '2025-06-05 03:05:54'),
(2022, 111, 2, '', '2025-06-05 03:05:54'),
(2023, 111, 10, '', '2025-06-05 03:05:54'),
(2024, 111, 21, '', '2025-06-05 03:05:54'),
(2025, 111, 20, '', '2025-06-05 03:05:54'),
(2026, 111, 8, '', '2025-06-05 03:05:54'),
(2027, 111, 1, '', '2025-06-05 03:05:54'),
(2028, 111, 13, '', '2025-06-05 03:05:54'),
(2029, 111, 23, '', '2025-06-05 03:05:54'),
(2030, 111, 2, '', '2025-06-05 03:05:54'),
(2031, 111, 5, '', '2025-06-05 03:05:54'),
(2032, 111, 24, '', '2025-06-05 03:05:54'),
(2033, 111, 15, '', '2025-06-05 03:05:54'),
(2034, 111, 8, '', '2025-06-05 03:05:54'),
(2035, 111, 13, '', '2025-06-05 03:05:54'),
(2036, 111, 18, '', '2025-06-05 03:05:54'),
(2037, 111, 14, '', '2025-06-05 03:05:54'),
(2038, 111, 21, '', '2025-06-05 03:05:54'),
(2039, 111, 20, '', '2025-06-05 03:05:54'),
(2040, 111, 4, '', '2025-06-05 03:05:54'),
(2041, 111, 2, '', '2025-06-05 03:05:54'),
(2042, 111, 16, '', '2025-06-05 03:05:54'),
(2043, 111, 2, '', '2025-06-05 03:05:54'),
(2044, 111, 1, '', '2025-06-05 03:05:54'),
(2045, 111, 16, '', '2025-06-05 03:05:54'),
(2046, 111, 5, '', '2025-06-05 03:05:54'),
(2047, 111, 2, '', '2025-06-05 03:05:54'),
(2048, 111, 13, '', '2025-06-05 03:05:54'),
(2049, 111, 20, '', '2025-06-05 03:05:54'),
(2050, 111, 11, '', '2025-06-05 03:05:54'),
(2051, 111, 24, '', '2025-06-05 03:05:54'),
(2052, 111, 7, '', '2025-06-05 03:05:54'),
(2053, 112, 8, '', '2025-06-05 03:05:54'),
(2054, 112, 9, '', '2025-06-05 03:05:54'),
(2055, 112, 19, '', '2025-06-05 03:05:54'),
(2056, 112, 5, '', '2025-06-05 03:05:54'),
(2057, 112, 21, '', '2025-06-05 03:05:54'),
(2058, 112, 1, '', '2025-06-05 03:05:54'),
(2059, 112, 19, '', '2025-06-05 03:05:54'),
(2060, 112, 12, '', '2025-06-05 03:05:54'),
(2061, 112, 6, '', '2025-06-05 03:05:54'),
(2062, 112, 8, '', '2025-06-05 03:05:54'),
(2063, 112, 24, '', '2025-06-05 03:05:54'),
(2064, 112, 13, '', '2025-06-05 03:05:54'),
(2065, 112, 6, '', '2025-06-05 03:05:54'),
(2066, 112, 12, '', '2025-06-05 03:05:54'),
(2067, 112, 7, '', '2025-06-05 03:05:54'),
(2068, 112, 13, '', '2025-06-05 03:05:54'),
(2069, 112, 20, '', '2025-06-05 03:05:54'),
(2070, 112, 10, '', '2025-06-05 03:05:54'),
(2071, 112, 21, '', '2025-06-05 03:05:54'),
(2072, 112, 5, '', '2025-06-05 03:05:54'),
(2073, 112, 1, '', '2025-06-05 03:05:54'),
(2074, 112, 12, '', '2025-06-05 03:05:54'),
(2075, 112, 11, '', '2025-06-05 03:05:54'),
(2076, 112, 18, '', '2025-06-05 03:05:54'),
(2077, 112, 9, '', '2025-06-05 03:05:54'),
(2078, 112, 21, '', '2025-06-05 03:05:54'),
(2079, 112, 8, '', '2025-06-05 03:05:54'),
(2080, 112, 12, '', '2025-06-05 03:05:54'),
(2081, 112, 21, '', '2025-06-05 03:05:54'),
(2082, 112, 22, '', '2025-06-05 03:05:54'),
(2083, 112, 10, '', '2025-06-05 03:05:54'),
(2084, 112, 24, '', '2025-06-05 03:05:54'),
(2085, 112, 9, '', '2025-06-05 03:05:54'),
(2086, 112, 24, '', '2025-06-05 03:05:54'),
(2087, 112, 11, '', '2025-06-05 03:05:54'),
(2088, 112, 4, '', '2025-06-05 03:05:54'),
(2089, 112, 16, '', '2025-06-05 03:05:54'),
(2090, 112, 11, '', '2025-06-05 03:05:54'),
(2091, 112, 10, '', '2025-06-05 03:05:54'),
(2092, 112, 9, '', '2025-06-05 03:05:54'),
(2093, 112, 13, '', '2025-06-05 03:05:54'),
(2094, 112, 23, '', '2025-06-05 03:05:54'),
(2095, 112, 4, '', '2025-06-05 03:05:54'),
(2096, 113, 9, '', '2025-06-05 03:05:54'),
(2097, 113, 14, '', '2025-06-05 03:05:54'),
(2098, 113, 20, '', '2025-06-05 03:05:54'),
(2099, 113, 6, '', '2025-06-05 03:05:54'),
(2100, 113, 22, '', '2025-06-05 03:05:54'),
(2101, 113, 13, '', '2025-06-05 03:05:54'),
(2102, 113, 9, '', '2025-06-05 03:05:54'),
(2103, 113, 4, '', '2025-06-05 03:05:54'),
(2104, 113, 9, '', '2025-06-05 03:05:54'),
(2105, 113, 18, '', '2025-06-05 03:05:54'),
(2106, 113, 13, '', '2025-06-05 03:05:54'),
(2107, 113, 24, '', '2025-06-05 03:05:54'),
(2108, 113, 8, '', '2025-06-05 03:05:54'),
(2109, 113, 4, '', '2025-06-05 03:05:54'),
(2110, 113, 4, '', '2025-06-05 03:05:54'),
(2111, 113, 8, '', '2025-06-05 03:05:54'),
(2112, 113, 13, '', '2025-06-05 03:05:54'),
(2113, 113, 15, '', '2025-06-05 03:05:54'),
(2114, 113, 17, '', '2025-06-05 03:05:54'),
(2115, 113, 21, '', '2025-06-05 03:05:54'),
(2116, 113, 1, '', '2025-06-05 03:05:54'),
(2117, 113, 9, '', '2025-06-05 03:05:54'),
(2118, 113, 15, '', '2025-06-05 03:05:54'),
(2119, 113, 16, '', '2025-06-05 03:05:54'),
(2120, 113, 24, '', '2025-06-05 03:05:54'),
(2121, 113, 6, '', '2025-06-05 03:05:54'),
(2122, 113, 10, '', '2025-06-05 03:05:54'),
(2123, 113, 14, '', '2025-06-05 03:05:54'),
(2124, 113, 24, '', '2025-06-05 03:05:54'),
(2125, 113, 14, '', '2025-06-05 03:05:54'),
(2126, 113, 22, '', '2025-06-05 03:05:54'),
(2127, 113, 7, '', '2025-06-05 03:05:54'),
(2128, 113, 5, '', '2025-06-05 03:05:54'),
(2129, 113, 20, '', '2025-06-05 03:05:54'),
(2130, 113, 4, '', '2025-06-05 03:05:54'),
(2131, 113, 9, '', '2025-06-05 03:05:54'),
(2132, 114, 18, '', '2025-06-05 03:05:54'),
(2133, 114, 4, '', '2025-06-05 03:05:54'),
(2134, 114, 7, '', '2025-06-05 03:05:54'),
(2135, 114, 6, '', '2025-06-05 03:05:54'),
(2136, 114, 5, '', '2025-06-05 03:05:54'),
(2137, 114, 13, '', '2025-06-05 03:05:54'),
(2138, 114, 16, '', '2025-06-05 03:05:54'),
(2139, 114, 11, '', '2025-06-05 03:05:54'),
(2140, 114, 21, '', '2025-06-05 03:05:54'),
(2141, 114, 18, '', '2025-06-05 03:05:54'),
(2142, 114, 9, '', '2025-06-05 03:05:54'),
(2143, 114, 16, '', '2025-06-05 03:05:54'),
(2144, 114, 18, '', '2025-06-05 03:05:54'),
(2145, 114, 18, '', '2025-06-05 03:05:54'),
(2146, 114, 4, '', '2025-06-05 03:05:54'),
(2147, 114, 9, '', '2025-06-05 03:05:54'),
(2148, 114, 8, '', '2025-06-05 03:05:54'),
(2149, 114, 17, '', '2025-06-05 03:05:54'),
(2150, 114, 2, '', '2025-06-05 03:05:54'),
(2151, 114, 20, '', '2025-06-05 03:05:54'),
(2152, 114, 7, '', '2025-06-05 03:05:54'),
(2153, 114, 20, '', '2025-06-05 03:05:54'),
(2154, 114, 23, '', '2025-06-05 03:05:54'),
(2155, 114, 11, '', '2025-06-05 03:05:54'),
(2156, 114, 24, '', '2025-06-05 03:05:54'),
(2157, 114, 4, '', '2025-06-05 03:05:54'),
(2158, 114, 12, '', '2025-06-05 03:05:54'),
(2159, 114, 4, '', '2025-06-05 03:05:54'),
(2160, 114, 14, '', '2025-06-05 03:05:54'),
(2161, 114, 22, '', '2025-06-05 03:05:54'),
(2162, 114, 21, '', '2025-06-05 03:05:54'),
(2163, 114, 22, '', '2025-06-05 03:05:54'),
(2164, 114, 5, '', '2025-06-05 03:05:54'),
(2165, 114, 13, '', '2025-06-05 03:05:54'),
(2166, 114, 9, '', '2025-06-05 03:05:54'),
(2167, 114, 8, '', '2025-06-05 03:05:54'),
(2168, 114, 18, '', '2025-06-05 03:05:54'),
(2169, 114, 6, '', '2025-06-05 03:05:54'),
(2170, 114, 4, '', '2025-06-05 03:05:54'),
(2171, 114, 13, '', '2025-06-05 03:05:54'),
(2172, 114, 9, '', '2025-06-05 03:05:54'),
(2173, 114, 22, '', '2025-06-05 03:05:54'),
(2174, 102, 1, '', '2025-06-05 03:05:54'),
(2175, 102, 8, '', '2025-06-05 03:05:54'),
(2176, 102, 6, '', '2025-06-05 03:05:54'),
(2177, 102, 6, '', '2025-06-05 03:05:54'),
(2178, 102, 19, '', '2025-06-05 03:05:54'),
(2179, 102, 4, '', '2025-06-05 03:05:54'),
(2180, 102, 7, '', '2025-06-05 03:05:54'),
(2181, 102, 22, '', '2025-06-05 03:05:54'),
(2182, 102, 5, '', '2025-06-05 03:05:54'),
(2183, 102, 12, '', '2025-06-05 03:05:54'),
(2184, 102, 16, '', '2025-06-05 03:05:54'),
(2185, 102, 5, '', '2025-06-05 03:05:54'),
(2186, 102, 5, '', '2025-06-05 03:05:54'),
(2187, 102, 15, '', '2025-06-05 03:05:54'),
(2188, 102, 22, '', '2025-06-05 03:05:54'),
(2189, 102, 15, '', '2025-06-05 03:05:54'),
(2190, 102, 4, '', '2025-06-05 03:05:54'),
(2191, 102, 21, '', '2025-06-05 03:05:54'),
(2192, 102, 5, '', '2025-06-05 03:05:54'),
(2193, 102, 11, '', '2025-06-05 03:05:54'),
(2194, 102, 16, '', '2025-06-05 03:05:54'),
(2195, 102, 18, '', '2025-06-05 03:05:54'),
(2196, 102, 4, '', '2025-06-05 03:05:54'),
(2197, 102, 4, '', '2025-06-05 03:05:54'),
(2198, 102, 7, '', '2025-06-05 03:05:54'),
(2199, 102, 1, '', '2025-06-05 03:05:54'),
(2200, 102, 14, '', '2025-06-05 03:05:54'),
(2201, 102, 2, '', '2025-06-05 03:05:54'),
(2202, 102, 16, '', '2025-06-05 03:05:54'),
(2203, 102, 17, '', '2025-06-05 03:05:54'),
(2204, 102, 13, '', '2025-06-05 03:05:54'),
(2205, 102, 2, '', '2025-06-05 03:05:54'),
(2206, 102, 16, '', '2025-06-05 03:05:54'),
(2207, 102, 9, '', '2025-06-05 03:05:54'),
(2208, 102, 17, '', '2025-06-05 03:05:54'),
(2209, 102, 15, '', '2025-06-05 03:05:54'),
(2210, 102, 14, '', '2025-06-05 03:05:54'),
(2211, 102, 15, '', '2025-06-05 03:05:54'),
(2212, 102, 24, '', '2025-06-05 03:05:54'),
(2213, 102, 23, '', '2025-06-05 03:05:54'),
(2214, 102, 22, '', '2025-06-05 03:05:54'),
(2215, 102, 18, '', '2025-06-05 03:05:54'),
(2216, 102, 17, '', '2025-06-05 03:05:54'),
(2217, 102, 13, '', '2025-06-05 03:05:54'),
(2218, 102, 1, '', '2025-06-05 03:05:54'),
(2219, 102, 14, '', '2025-06-05 03:05:54'),
(2220, 102, 14, '', '2025-06-05 03:05:54'),
(2221, 102, 22, '', '2025-06-05 03:05:54'),
(2222, 102, 4, '', '2025-06-05 03:05:54'),
(2223, 103, 6, '', '2025-06-05 03:05:54'),
(2224, 103, 19, '', '2025-06-05 03:05:54'),
(2225, 103, 9, '', '2025-06-05 03:05:54'),
(2226, 103, 13, '', '2025-06-05 03:05:54'),
(2227, 103, 10, '', '2025-06-05 03:05:54'),
(2228, 103, 23, '', '2025-06-05 03:05:54'),
(2229, 103, 16, '', '2025-06-05 03:05:54'),
(2230, 103, 19, '', '2025-06-05 03:05:54'),
(2231, 103, 17, '', '2025-06-05 03:05:54'),
(2232, 103, 10, '', '2025-06-05 03:05:54'),
(2233, 103, 18, '', '2025-06-05 03:05:54'),
(2234, 103, 18, '', '2025-06-05 03:05:54'),
(2235, 103, 21, '', '2025-06-05 03:05:54'),
(2236, 103, 19, '', '2025-06-05 03:05:54'),
(2237, 103, 20, '', '2025-06-05 03:05:54'),
(2238, 103, 14, '', '2025-06-05 03:05:54'),
(2239, 103, 9, '', '2025-06-05 03:05:54'),
(2240, 103, 10, '', '2025-06-05 03:05:54'),
(2241, 103, 8, '', '2025-06-05 03:05:54'),
(2242, 103, 8, '', '2025-06-05 03:05:54'),
(2243, 103, 8, '', '2025-06-05 03:05:54'),
(2244, 103, 1, '', '2025-06-05 03:05:54'),
(2245, 103, 14, '', '2025-06-05 03:05:54'),
(2246, 103, 7, '', '2025-06-05 03:05:54'),
(2247, 103, 7, '', '2025-06-05 03:05:54'),
(2248, 103, 20, '', '2025-06-05 03:05:54'),
(2249, 103, 22, '', '2025-06-05 03:05:54'),
(2250, 103, 18, '', '2025-06-05 03:05:54'),
(2251, 103, 23, '', '2025-06-05 03:05:54'),
(2252, 103, 5, '', '2025-06-05 03:05:54'),
(2253, 103, 8, '', '2025-06-05 03:05:54'),
(2254, 103, 17, '', '2025-06-05 03:05:54'),
(2255, 103, 16, '', '2025-06-05 03:05:54'),
(2256, 104, 10, '', '2025-06-05 03:05:54'),
(2257, 104, 20, '', '2025-06-05 03:05:54'),
(2258, 104, 7, '', '2025-06-05 03:05:54'),
(2259, 104, 10, '', '2025-06-05 03:05:54'),
(2260, 104, 19, '', '2025-06-05 03:05:54'),
(2261, 104, 22, '', '2025-06-05 03:05:54'),
(2262, 104, 17, '', '2025-06-05 03:05:54'),
(2263, 104, 14, '', '2025-06-05 03:05:54'),
(2264, 104, 6, '', '2025-06-05 03:05:54'),
(2265, 104, 22, '', '2025-06-05 03:05:54'),
(2266, 104, 15, '', '2025-06-05 03:05:54'),
(2267, 104, 2, '', '2025-06-05 03:05:54'),
(2268, 104, 23, '', '2025-06-05 03:05:54'),
(2269, 104, 17, '', '2025-06-05 03:05:54'),
(2270, 104, 23, '', '2025-06-05 03:05:54'),
(2271, 104, 1, '', '2025-06-05 03:05:54'),
(2272, 104, 18, '', '2025-06-05 03:05:54'),
(2273, 104, 21, '', '2025-06-05 03:05:54'),
(2274, 104, 10, '', '2025-06-05 03:05:54'),
(2275, 104, 19, '', '2025-06-05 03:05:54'),
(2276, 104, 23, '', '2025-06-05 03:05:54'),
(2277, 104, 17, '', '2025-06-05 03:05:54'),
(2278, 104, 10, '', '2025-06-05 03:05:54'),
(2279, 104, 5, '', '2025-06-05 03:05:54'),
(2280, 104, 23, '', '2025-06-05 03:05:54'),
(2281, 104, 6, '', '2025-06-05 03:05:54'),
(2282, 105, 18, '', '2025-06-05 03:05:54'),
(2283, 105, 8, '', '2025-06-05 03:05:54'),
(2284, 105, 20, '', '2025-06-05 03:05:54'),
(2285, 105, 2, '', '2025-06-05 03:05:54'),
(2286, 105, 17, '', '2025-06-05 03:05:54'),
(2287, 105, 7, '', '2025-06-05 03:05:54'),
(2288, 105, 5, '', '2025-06-05 03:05:54'),
(2289, 105, 4, '', '2025-06-05 03:05:54'),
(2290, 105, 9, '', '2025-06-05 03:05:54'),
(2291, 105, 20, '', '2025-06-05 03:05:54'),
(2292, 105, 9, '', '2025-06-05 03:05:54'),
(2293, 105, 6, '', '2025-06-05 03:05:54'),
(2294, 105, 22, '', '2025-06-05 03:05:54'),
(2295, 105, 20, '', '2025-06-05 03:05:54'),
(2296, 105, 24, '', '2025-06-05 03:05:54'),
(2297, 105, 7, '', '2025-06-05 03:05:54'),
(2298, 105, 18, '', '2025-06-05 03:05:54'),
(2299, 105, 7, '', '2025-06-05 03:05:54'),
(2300, 105, 18, '', '2025-06-05 03:05:54'),
(2301, 105, 11, '', '2025-06-05 03:05:54'),
(2302, 105, 12, '', '2025-06-05 03:05:54'),
(2303, 105, 15, '', '2025-06-05 03:05:54'),
(2304, 105, 23, '', '2025-06-05 03:05:54'),
(2305, 105, 8, '', '2025-06-05 03:05:54'),
(2306, 105, 19, '', '2025-06-05 03:05:54'),
(2307, 105, 5, '', '2025-06-05 03:05:54'),
(2308, 105, 9, '', '2025-06-05 03:05:54'),
(2309, 105, 14, '', '2025-06-05 03:05:54'),
(2310, 105, 7, '', '2025-06-05 03:05:54'),
(2311, 105, 1, '', '2025-06-05 03:05:54'),
(2312, 105, 10, '', '2025-06-05 03:05:54'),
(2313, 105, 18, '', '2025-06-05 03:05:54'),
(2314, 105, 11, '', '2025-06-05 03:05:54'),
(2315, 105, 8, '', '2025-06-05 03:05:54'),
(2316, 106, 20, '', '2025-06-05 03:05:54'),
(2317, 106, 7, '', '2025-06-05 03:05:54'),
(2318, 106, 6, '', '2025-06-05 03:05:54'),
(2319, 106, 13, '', '2025-06-05 03:05:54'),
(2320, 106, 15, '', '2025-06-05 03:05:54'),
(2321, 106, 17, '', '2025-06-05 03:05:54'),
(2322, 106, 21, '', '2025-06-05 03:05:54'),
(2323, 106, 11, '', '2025-06-05 03:05:54'),
(2324, 106, 19, '', '2025-06-05 03:05:54'),
(2325, 106, 5, '', '2025-06-05 03:05:54'),
(2326, 106, 6, '', '2025-06-05 03:05:54'),
(2327, 106, 19, '', '2025-06-05 03:05:54'),
(2328, 106, 21, '', '2025-06-05 03:05:54'),
(2329, 106, 1, '', '2025-06-05 03:05:54'),
(2330, 106, 18, '', '2025-06-05 03:05:54'),
(2331, 106, 5, '', '2025-06-05 03:05:54'),
(2332, 106, 22, '', '2025-06-05 03:05:54'),
(2333, 106, 17, '', '2025-06-05 03:05:54'),
(2334, 106, 24, '', '2025-06-05 03:05:54'),
(2335, 106, 12, '', '2025-06-05 03:05:54'),
(2336, 106, 13, '', '2025-06-05 03:05:54'),
(2337, 106, 7, '', '2025-06-05 03:05:54'),
(2338, 106, 21, '', '2025-06-05 03:05:54'),
(2339, 106, 1, '', '2025-06-05 03:05:54'),
(2340, 106, 17, '', '2025-06-05 03:05:54'),
(2341, 106, 21, '', '2025-06-05 03:05:54'),
(2342, 106, 2, '', '2025-06-05 03:05:54'),
(2343, 106, 22, '', '2025-06-05 03:05:54'),
(2344, 106, 8, '', '2025-06-05 03:05:54'),
(2345, 107, 10, '', '2025-06-05 03:05:54'),
(2346, 107, 7, '', '2025-06-05 03:05:54'),
(2347, 107, 12, '', '2025-06-05 03:05:54'),
(2348, 107, 12, '', '2025-06-05 03:05:54'),
(2349, 107, 8, '', '2025-06-05 03:05:54'),
(2350, 107, 22, '', '2025-06-05 03:05:54'),
(2351, 107, 16, '', '2025-06-05 03:05:54'),
(2352, 107, 20, '', '2025-06-05 03:05:54'),
(2353, 107, 10, '', '2025-06-05 03:05:54'),
(2354, 107, 5, '', '2025-06-05 03:05:54'),
(2355, 107, 12, '', '2025-06-05 03:05:54'),
(2356, 107, 24, '', '2025-06-05 03:05:54'),
(2357, 107, 21, '', '2025-06-05 03:05:54'),
(2358, 107, 21, '', '2025-06-05 03:05:54'),
(2359, 107, 13, '', '2025-06-05 03:05:54'),
(2360, 107, 19, '', '2025-06-05 03:05:54'),
(2361, 107, 9, '', '2025-06-05 03:05:54'),
(2362, 107, 18, '', '2025-06-05 03:05:54'),
(2363, 107, 4, '', '2025-06-05 03:05:54'),
(2364, 107, 2, '', '2025-06-05 03:05:54'),
(2365, 107, 11, '', '2025-06-05 03:05:54'),
(2366, 107, 22, '', '2025-06-05 03:05:54'),
(2367, 107, 20, '', '2025-06-05 03:05:54'),
(2368, 107, 12, '', '2025-06-05 03:05:54'),
(2369, 137, 16, '', '2025-06-05 03:05:54'),
(2370, 137, 15, '', '2025-06-05 03:05:54'),
(2371, 137, 15, '', '2025-06-05 03:05:54'),
(2372, 137, 11, '', '2025-06-05 03:05:54'),
(2373, 137, 23, '', '2025-06-05 03:05:54'),
(2374, 137, 4, '', '2025-06-05 03:05:54'),
(2375, 137, 2, '', '2025-06-05 03:05:54'),
(2376, 137, 20, '', '2025-06-05 03:05:54'),
(2377, 137, 14, '', '2025-06-05 03:05:54'),
(2378, 137, 12, '', '2025-06-05 03:05:54'),
(2379, 137, 24, '', '2025-06-05 03:05:54'),
(2380, 137, 8, '', '2025-06-05 03:05:54'),
(2381, 137, 12, '', '2025-06-05 03:05:54'),
(2382, 137, 9, '', '2025-06-05 03:05:54'),
(2383, 137, 4, '', '2025-06-05 03:05:54'),
(2384, 137, 22, '', '2025-06-05 03:05:54'),
(2385, 137, 14, '', '2025-06-05 03:05:54'),
(2386, 137, 21, '', '2025-06-05 03:05:54'),
(2387, 137, 8, '', '2025-06-05 03:05:54'),
(2388, 137, 21, '', '2025-06-05 03:05:54'),
(2389, 137, 23, '', '2025-06-05 03:05:54'),
(2390, 137, 18, '', '2025-06-05 03:05:54'),
(2391, 137, 24, '', '2025-06-05 03:05:54'),
(2392, 137, 4, '', '2025-06-05 03:05:54'),
(2393, 137, 4, '', '2025-06-05 03:05:54'),
(2394, 137, 18, '', '2025-06-05 03:05:54'),
(2395, 137, 14, '', '2025-06-05 03:05:54'),
(2396, 137, 4, '', '2025-06-05 03:05:54'),
(2397, 137, 4, '', '2025-06-05 03:05:54'),
(2398, 137, 24, '', '2025-06-05 03:05:54'),
(2399, 138, 18, '', '2025-06-05 03:05:54'),
(2400, 138, 18, '', '2025-06-05 03:05:54'),
(2401, 138, 24, '', '2025-06-05 03:05:54'),
(2402, 138, 7, '', '2025-06-05 03:05:54'),
(2403, 138, 13, '', '2025-06-05 03:05:54'),
(2404, 138, 16, '', '2025-06-05 03:05:54'),
(2405, 138, 19, '', '2025-06-05 03:05:54'),
(2406, 138, 7, '', '2025-06-05 03:05:54'),
(2407, 138, 8, '', '2025-06-05 03:05:54'),
(2408, 138, 2, '', '2025-06-05 03:05:54'),
(2409, 138, 15, '', '2025-06-05 03:05:54'),
(2410, 138, 17, '', '2025-06-05 03:05:54'),
(2411, 138, 22, '', '2025-06-05 03:05:54'),
(2412, 138, 11, '', '2025-06-05 03:05:54'),
(2413, 138, 8, '', '2025-06-05 03:05:54'),
(2414, 138, 12, '', '2025-06-05 03:05:54'),
(2415, 138, 14, '', '2025-06-05 03:05:54'),
(2416, 138, 10, '', '2025-06-05 03:05:54'),
(2417, 138, 2, '', '2025-06-05 03:05:54'),
(2418, 138, 12, '', '2025-06-05 03:05:54'),
(2419, 138, 8, '', '2025-06-05 03:05:54'),
(2420, 138, 17, '', '2025-06-05 03:05:54'),
(2421, 138, 18, '', '2025-06-05 03:05:54'),
(2422, 138, 18, '', '2025-06-05 03:05:54'),
(2423, 138, 1, '', '2025-06-05 03:05:54'),
(2424, 138, 16, '', '2025-06-05 03:05:54'),
(2425, 138, 15, '', '2025-06-05 03:05:54'),
(2426, 138, 20, '', '2025-06-05 03:05:54'),
(2427, 138, 4, '', '2025-06-05 03:05:54'),
(2428, 138, 19, '', '2025-06-05 03:05:54'),
(2429, 138, 12, '', '2025-06-05 03:05:54'),
(2430, 138, 7, '', '2025-06-05 03:05:54'),
(2431, 138, 22, '', '2025-06-05 03:05:54'),
(2432, 138, 24, '', '2025-06-05 03:05:54'),
(2433, 138, 8, '', '2025-06-05 03:05:54'),
(2434, 138, 24, '', '2025-06-05 03:05:54'),
(2435, 138, 22, '', '2025-06-05 03:05:54'),
(2436, 138, 21, '', '2025-06-05 03:05:54'),
(2437, 138, 15, '', '2025-06-05 03:05:54'),
(2438, 139, 15, '', '2025-06-05 03:05:54'),
(2439, 139, 10, '', '2025-06-05 03:05:54'),
(2440, 139, 21, '', '2025-06-05 03:05:54'),
(2441, 139, 21, '', '2025-06-05 03:05:54'),
(2442, 139, 6, '', '2025-06-05 03:05:54'),
(2443, 139, 16, '', '2025-06-05 03:05:54'),
(2444, 139, 6, '', '2025-06-05 03:05:54'),
(2445, 139, 24, '', '2025-06-05 03:05:54'),
(2446, 139, 5, '', '2025-06-05 03:05:54'),
(2447, 139, 15, '', '2025-06-05 03:05:54'),
(2448, 139, 15, '', '2025-06-05 03:05:54'),
(2449, 139, 19, '', '2025-06-05 03:05:54'),
(2450, 139, 5, '', '2025-06-05 03:05:54'),
(2451, 139, 24, '', '2025-06-05 03:05:54'),
(2452, 139, 9, '', '2025-06-05 03:05:54'),
(2453, 139, 16, '', '2025-06-05 03:05:54'),
(2454, 139, 22, '', '2025-06-05 03:05:54'),
(2455, 139, 8, '', '2025-06-05 03:05:54'),
(2456, 139, 16, '', '2025-06-05 03:05:54'),
(2457, 139, 22, '', '2025-06-05 03:05:54'),
(2458, 139, 16, '', '2025-06-05 03:05:54'),
(2459, 139, 16, '', '2025-06-05 03:05:54'),
(2460, 139, 14, '', '2025-06-05 03:05:54'),
(2461, 139, 15, '', '2025-06-05 03:05:54'),
(2462, 139, 16, '', '2025-06-05 03:05:54'),
(2463, 139, 19, '', '2025-06-05 03:05:54'),
(2464, 139, 14, '', '2025-06-05 03:05:54'),
(2465, 139, 9, '', '2025-06-05 03:05:54'),
(2466, 139, 24, '', '2025-06-05 03:05:54'),
(2467, 139, 11, '', '2025-06-05 03:05:54'),
(2468, 139, 18, '', '2025-06-05 03:05:54'),
(2469, 139, 15, '', '2025-06-05 03:05:54'),
(2470, 139, 17, '', '2025-06-05 03:05:54'),
(2471, 139, 23, '', '2025-06-05 03:05:54'),
(2472, 139, 10, '', '2025-06-05 03:05:54'),
(2473, 139, 9, '', '2025-06-05 03:05:54'),
(2474, 139, 14, '', '2025-06-05 03:05:54'),
(2475, 139, 1, '', '2025-06-05 03:05:54'),
(2476, 139, 20, '', '2025-06-05 03:05:54'),
(2477, 139, 22, '', '2025-06-05 03:05:54'),
(2478, 139, 17, '', '2025-06-05 03:05:54'),
(2479, 140, 6, '', '2025-06-05 03:05:54'),
(2480, 140, 21, '', '2025-06-05 03:05:54'),
(2481, 140, 17, '', '2025-06-05 03:05:54'),
(2482, 140, 14, '', '2025-06-05 03:05:54'),
(2483, 140, 9, '', '2025-06-05 03:05:54'),
(2484, 140, 22, '', '2025-06-05 03:05:54'),
(2485, 140, 24, '', '2025-06-05 03:05:54'),
(2486, 140, 22, '', '2025-06-05 03:05:54'),
(2487, 140, 8, '', '2025-06-05 03:05:54'),
(2488, 140, 17, '', '2025-06-05 03:05:54'),
(2489, 140, 13, '', '2025-06-05 03:05:54'),
(2490, 140, 17, '', '2025-06-05 03:05:54'),
(2491, 140, 24, '', '2025-06-05 03:05:54'),
(2492, 140, 18, '', '2025-06-05 03:05:54'),
(2493, 140, 15, '', '2025-06-05 03:05:54'),
(2494, 140, 14, '', '2025-06-05 03:05:54'),
(2495, 140, 12, '', '2025-06-05 03:05:54'),
(2496, 140, 13, '', '2025-06-05 03:05:54'),
(2497, 140, 11, '', '2025-06-05 03:05:54'),
(2498, 140, 19, '', '2025-06-05 03:05:54'),
(2499, 140, 16, '', '2025-06-05 03:05:54'),
(2500, 140, 9, '', '2025-06-05 03:05:54'),
(2501, 140, 13, '', '2025-06-05 03:05:54'),
(2502, 140, 6, '', '2025-06-05 03:05:54'),
(2503, 140, 23, '', '2025-06-05 03:05:54'),
(2504, 140, 16, '', '2025-06-05 03:05:54'),
(2505, 140, 15, '', '2025-06-05 03:05:54'),
(2506, 140, 5, '', '2025-06-05 03:05:54'),
(2507, 140, 22, '', '2025-06-05 03:05:54'),
(2508, 140, 24, '', '2025-06-05 03:05:54'),
(2509, 140, 13, '', '2025-06-05 03:05:54'),
(2510, 140, 13, '', '2025-06-05 03:05:54'),
(2511, 140, 20, '', '2025-06-05 03:05:54'),
(2512, 140, 16, '', '2025-06-05 03:05:54'),
(2513, 140, 16, '', '2025-06-05 03:05:54'),
(2514, 140, 2, '', '2025-06-05 03:05:54'),
(2515, 140, 5, '', '2025-06-05 03:05:54'),
(2516, 140, 4, '', '2025-06-05 03:05:54'),
(2517, 140, 7, '', '2025-06-05 03:05:54'),
(2518, 140, 4, '', '2025-06-05 03:05:54'),
(2519, 140, 20, '', '2025-06-05 03:05:54'),
(2520, 140, 12, '', '2025-06-05 03:05:54'),
(2521, 140, 11, '', '2025-06-05 03:05:54'),
(2522, 140, 23, '', '2025-06-05 03:05:54'),
(2523, 140, 24, '', '2025-06-05 03:05:54'),
(2524, 140, 18, '', '2025-06-05 03:05:54'),
(2525, 140, 12, '', '2025-06-05 03:05:54'),
(2526, 140, 24, '', '2025-06-05 03:05:54'),
(2527, 140, 11, '', '2025-06-05 03:05:54'),
(2528, 140, 14, '', '2025-06-05 03:05:54'),
(2529, 141, 17, '', '2025-06-05 03:05:54'),
(2530, 141, 23, '', '2025-06-05 03:05:54'),
(2531, 141, 6, '', '2025-06-05 03:05:54'),
(2532, 141, 17, '', '2025-06-05 03:05:54'),
(2533, 141, 9, '', '2025-06-05 03:05:54'),
(2534, 141, 10, '', '2025-06-05 03:05:54'),
(2535, 141, 22, '', '2025-06-05 03:05:54'),
(2536, 141, 12, '', '2025-06-05 03:05:54'),
(2537, 141, 2, '', '2025-06-05 03:05:54'),
(2538, 141, 20, '', '2025-06-05 03:05:54'),
(2539, 141, 13, '', '2025-06-05 03:05:54'),
(2540, 141, 23, '', '2025-06-05 03:05:54'),
(2541, 141, 7, '', '2025-06-05 03:05:54'),
(2542, 141, 17, '', '2025-06-05 03:05:55'),
(2543, 141, 12, '', '2025-06-05 03:05:55'),
(2544, 141, 19, '', '2025-06-05 03:05:55'),
(2545, 141, 24, '', '2025-06-05 03:05:55'),
(2546, 141, 22, '', '2025-06-05 03:05:55'),
(2547, 141, 17, '', '2025-06-05 03:05:55'),
(2548, 141, 1, '', '2025-06-05 03:05:55'),
(2549, 141, 5, '', '2025-06-05 03:05:55'),
(2550, 141, 18, '', '2025-06-05 03:05:55'),
(2551, 141, 8, '', '2025-06-05 03:05:55'),
(2552, 142, 12, '', '2025-06-05 03:05:55'),
(2553, 142, 20, '', '2025-06-05 03:05:55'),
(2554, 142, 6, '', '2025-06-05 03:05:55'),
(2555, 142, 14, '', '2025-06-05 03:05:55'),
(2556, 142, 16, '', '2025-06-05 03:05:55'),
(2557, 142, 16, '', '2025-06-05 03:05:55'),
(2558, 142, 7, '', '2025-06-05 03:05:55'),
(2559, 142, 15, '', '2025-06-05 03:05:55'),
(2560, 142, 8, '', '2025-06-05 03:05:55'),
(2561, 142, 12, '', '2025-06-05 03:05:55'),
(2562, 142, 15, '', '2025-06-05 03:05:55'),
(2563, 142, 5, '', '2025-06-05 03:05:55'),
(2564, 142, 21, '', '2025-06-05 03:05:55'),
(2565, 142, 19, '', '2025-06-05 03:05:55'),
(2566, 142, 18, '', '2025-06-05 03:05:55'),
(2567, 142, 7, '', '2025-06-05 03:05:55'),
(2568, 142, 9, '', '2025-06-05 03:05:55'),
(2569, 142, 24, '', '2025-06-05 03:05:55'),
(2570, 142, 16, '', '2025-06-05 03:05:55'),
(2571, 142, 10, '', '2025-06-05 03:05:55'),
(2572, 142, 6, '', '2025-06-05 03:05:55'),
(2573, 142, 5, '', '2025-06-05 03:05:55'),
(2574, 142, 10, '', '2025-06-05 03:05:55'),
(2575, 142, 21, '', '2025-06-05 03:05:55'),
(2576, 142, 19, '', '2025-06-05 03:05:55'),
(2577, 142, 16, '', '2025-06-05 03:05:55'),
(2578, 142, 8, '', '2025-06-05 03:05:55'),
(2579, 142, 15, '', '2025-06-05 03:05:55'),
(2580, 142, 5, '', '2025-06-05 03:05:55'),
(2581, 142, 23, '', '2025-06-05 03:05:55'),
(2582, 142, 15, '', '2025-06-05 03:05:55'),
(2583, 142, 5, '', '2025-06-05 03:05:55'),
(2584, 142, 7, '', '2025-06-05 03:05:55'),
(2585, 142, 7, '', '2025-06-05 03:05:55'),
(2586, 142, 1, '', '2025-06-05 03:05:55'),
(2587, 142, 12, '', '2025-06-05 03:05:55'),
(2588, 142, 5, '', '2025-06-05 03:05:55'),
(2589, 142, 6, '', '2025-06-05 03:05:55'),
(2590, 142, 14, '', '2025-06-05 03:05:55'),
(2591, 143, 2, '', '2025-06-05 03:05:55'),
(2592, 143, 17, '', '2025-06-05 03:05:55'),
(2593, 143, 11, '', '2025-06-05 03:05:55'),
(2594, 143, 15, '', '2025-06-05 03:05:55'),
(2595, 143, 4, '', '2025-06-05 03:05:55'),
(2596, 143, 8, '', '2025-06-05 03:05:55'),
(2597, 143, 22, '', '2025-06-05 03:05:55'),
(2598, 143, 24, '', '2025-06-05 03:05:55'),
(2599, 143, 16, '', '2025-06-05 03:05:55'),
(2600, 143, 10, '', '2025-06-05 03:05:55'),
(2601, 143, 4, '', '2025-06-05 03:05:55'),
(2602, 143, 2, '', '2025-06-05 03:05:55'),
(2603, 143, 20, '', '2025-06-05 03:05:55'),
(2604, 143, 21, '', '2025-06-05 03:05:55'),
(2605, 143, 11, '', '2025-06-05 03:05:55'),
(2606, 143, 6, '', '2025-06-05 03:05:55'),
(2607, 143, 16, '', '2025-06-05 03:05:55'),
(2608, 143, 15, '', '2025-06-05 03:05:55'),
(2609, 143, 20, '', '2025-06-05 03:05:55'),
(2610, 143, 18, '', '2025-06-05 03:05:55'),
(2611, 143, 23, '', '2025-06-05 03:05:55'),
(2612, 143, 20, '', '2025-06-05 03:05:55'),
(2613, 143, 8, '', '2025-06-05 03:05:55'),
(2614, 143, 17, '', '2025-06-05 03:05:55'),
(2615, 143, 21, '', '2025-06-05 03:05:55'),
(2616, 61, 23, '', '2025-06-05 03:05:55'),
(2617, 61, 6, '', '2025-06-05 03:05:55'),
(2618, 61, 20, '', '2025-06-05 03:05:55'),
(2619, 61, 4, '', '2025-06-05 03:05:55'),
(2620, 61, 13, '', '2025-06-05 03:05:55'),
(2621, 61, 15, '', '2025-06-05 03:05:55'),
(2622, 61, 7, '', '2025-06-05 03:05:55'),
(2623, 61, 10, '', '2025-06-05 03:05:55'),
(2624, 61, 16, '', '2025-06-05 03:05:55'),
(2625, 61, 5, '', '2025-06-05 03:05:55'),
(2626, 61, 16, '', '2025-06-05 03:05:55'),
(2627, 61, 9, '', '2025-06-05 03:05:55'),
(2628, 61, 2, '', '2025-06-05 03:05:55'),
(2629, 61, 11, '', '2025-06-05 03:05:55'),
(2630, 61, 15, '', '2025-06-05 03:05:55'),
(2631, 61, 14, '', '2025-06-05 03:05:55'),
(2632, 61, 20, '', '2025-06-05 03:05:55'),
(2633, 61, 14, '', '2025-06-05 03:05:55'),
(2634, 61, 24, '', '2025-06-05 03:05:55'),
(2635, 61, 13, '', '2025-06-05 03:05:55'),
(2636, 61, 14, '', '2025-06-05 03:05:55'),
(2637, 61, 4, '', '2025-06-05 03:05:55'),
(2638, 61, 1, '', '2025-06-05 03:05:55'),
(2639, 61, 4, '', '2025-06-05 03:05:55'),
(2640, 61, 11, '', '2025-06-05 03:05:55'),
(2641, 61, 17, '', '2025-06-05 03:05:55'),
(2642, 61, 14, '', '2025-06-05 03:05:55'),
(2643, 61, 20, '', '2025-06-05 03:05:55'),
(2644, 61, 18, '', '2025-06-05 03:05:55'),
(2645, 61, 14, '', '2025-06-05 03:05:55'),
(2646, 61, 11, '', '2025-06-05 03:05:55'),
(2647, 61, 5, '', '2025-06-05 03:05:55'),
(2648, 61, 19, '', '2025-06-05 03:05:55'),
(2649, 61, 15, '', '2025-06-05 03:05:55'),
(2650, 61, 20, '', '2025-06-05 03:05:55'),
(2651, 62, 19, '', '2025-06-05 03:05:55'),
(2652, 62, 17, '', '2025-06-05 03:05:55'),
(2653, 62, 15, '', '2025-06-05 03:05:55'),
(2654, 62, 20, '', '2025-06-05 03:05:55'),
(2655, 62, 22, '', '2025-06-05 03:05:55'),
(2656, 62, 7, '', '2025-06-05 03:05:55'),
(2657, 62, 7, '', '2025-06-05 03:05:55'),
(2658, 62, 10, '', '2025-06-05 03:05:55'),
(2659, 62, 11, '', '2025-06-05 03:05:55'),
(2660, 62, 15, '', '2025-06-05 03:05:55'),
(2661, 62, 12, '', '2025-06-05 03:05:55'),
(2662, 62, 13, '', '2025-06-05 03:05:55'),
(2663, 62, 1, '', '2025-06-05 03:05:55'),
(2664, 62, 16, '', '2025-06-05 03:05:55'),
(2665, 62, 24, '', '2025-06-05 03:05:55'),
(2666, 62, 21, '', '2025-06-05 03:05:55'),
(2667, 62, 10, '', '2025-06-05 03:05:55'),
(2668, 62, 7, '', '2025-06-05 03:05:55'),
(2669, 62, 1, '', '2025-06-05 03:05:55'),
(2670, 62, 21, '', '2025-06-05 03:05:55'),
(2671, 62, 1, '', '2025-06-05 03:05:55'),
(2672, 62, 1, '', '2025-06-05 03:05:55'),
(2673, 62, 18, '', '2025-06-05 03:05:55'),
(2674, 62, 21, '', '2025-06-05 03:05:55'),
(2675, 62, 20, '', '2025-06-05 03:05:55'),
(2676, 62, 10, '', '2025-06-05 03:05:55'),
(2677, 62, 12, '', '2025-06-05 03:05:55'),
(2678, 62, 9, '', '2025-06-05 03:05:55'),
(2679, 62, 23, '', '2025-06-05 03:05:55'),
(2680, 62, 4, '', '2025-06-05 03:05:55'),
(2681, 62, 4, '', '2025-06-05 03:05:55'),
(2682, 62, 1, '', '2025-06-05 03:05:55'),
(2683, 62, 2, '', '2025-06-05 03:05:55'),
(2684, 62, 9, '', '2025-06-05 03:05:55'),
(2685, 62, 10, '', '2025-06-05 03:05:55'),
(2686, 63, 17, '', '2025-06-05 03:05:55'),
(2687, 63, 17, '', '2025-06-05 03:05:55'),
(2688, 63, 20, '', '2025-06-05 03:05:55'),
(2689, 63, 23, '', '2025-06-05 03:05:55'),
(2690, 63, 17, '', '2025-06-05 03:05:55'),
(2691, 63, 9, '', '2025-06-05 03:05:55'),
(2692, 63, 12, '', '2025-06-05 03:05:55'),
(2693, 63, 7, '', '2025-06-05 03:05:55'),
(2694, 63, 17, '', '2025-06-05 03:05:55'),
(2695, 63, 18, '', '2025-06-05 03:05:55');
INSERT INTO `post_views` (`id`, `post_id`, `user_id`, `ip_address`, `viewed_at`) VALUES
(2696, 63, 20, '', '2025-06-05 03:05:55'),
(2697, 63, 16, '', '2025-06-05 03:05:55'),
(2698, 63, 24, '', '2025-06-05 03:05:55'),
(2699, 63, 21, '', '2025-06-05 03:05:55'),
(2700, 63, 7, '', '2025-06-05 03:05:55'),
(2701, 63, 11, '', '2025-06-05 03:05:55'),
(2702, 63, 24, '', '2025-06-05 03:05:55'),
(2703, 63, 5, '', '2025-06-05 03:05:55'),
(2704, 63, 4, '', '2025-06-05 03:05:55'),
(2705, 63, 22, '', '2025-06-05 03:05:55'),
(2706, 63, 21, '', '2025-06-05 03:05:55'),
(2707, 63, 14, '', '2025-06-05 03:05:55'),
(2708, 63, 22, '', '2025-06-05 03:05:55'),
(2709, 63, 14, '', '2025-06-05 03:05:55'),
(2710, 63, 17, '', '2025-06-05 03:05:55'),
(2711, 63, 5, '', '2025-06-05 03:05:55'),
(2712, 63, 12, '', '2025-06-05 03:05:55'),
(2713, 63, 12, '', '2025-06-05 03:05:55'),
(2714, 63, 10, '', '2025-06-05 03:05:55'),
(2715, 63, 8, '', '2025-06-05 03:05:55'),
(2716, 63, 14, '', '2025-06-05 03:05:55'),
(2717, 63, 14, '', '2025-06-05 03:05:55'),
(2718, 63, 20, '', '2025-06-05 03:05:55'),
(2719, 63, 20, '', '2025-06-05 03:05:55'),
(2720, 63, 24, '', '2025-06-05 03:05:55'),
(2721, 63, 4, '', '2025-06-05 03:05:55'),
(2722, 63, 12, '', '2025-06-05 03:05:55'),
(2723, 63, 8, '', '2025-06-05 03:05:55'),
(2724, 63, 9, '', '2025-06-05 03:05:55'),
(2725, 63, 7, '', '2025-06-05 03:05:55'),
(2726, 63, 15, '', '2025-06-05 03:05:55'),
(2727, 63, 24, '', '2025-06-05 03:05:55'),
(2728, 63, 23, '', '2025-06-05 03:05:55'),
(2729, 63, 5, '', '2025-06-05 03:05:55'),
(2730, 63, 18, '', '2025-06-05 03:05:55'),
(2731, 64, 13, '', '2025-06-05 03:05:55'),
(2732, 64, 16, '', '2025-06-05 03:05:55'),
(2733, 64, 23, '', '2025-06-05 03:05:55'),
(2734, 64, 24, '', '2025-06-05 03:05:55'),
(2735, 64, 15, '', '2025-06-05 03:05:55'),
(2736, 64, 19, '', '2025-06-05 03:05:55'),
(2737, 64, 4, '', '2025-06-05 03:05:55'),
(2738, 64, 11, '', '2025-06-05 03:05:55'),
(2739, 64, 5, '', '2025-06-05 03:05:55'),
(2740, 64, 10, '', '2025-06-05 03:05:55'),
(2741, 64, 10, '', '2025-06-05 03:05:55'),
(2742, 64, 6, '', '2025-06-05 03:05:55'),
(2743, 64, 14, '', '2025-06-05 03:05:55'),
(2744, 64, 16, '', '2025-06-05 03:05:55'),
(2745, 64, 9, '', '2025-06-05 03:05:55'),
(2746, 64, 7, '', '2025-06-05 03:05:55'),
(2747, 64, 7, '', '2025-06-05 03:05:55'),
(2748, 64, 19, '', '2025-06-05 03:05:55'),
(2749, 64, 14, '', '2025-06-05 03:05:55'),
(2750, 64, 21, '', '2025-06-05 03:05:55'),
(2751, 64, 15, '', '2025-06-05 03:05:55'),
(2752, 64, 22, '', '2025-06-05 03:05:55'),
(2753, 64, 6, '', '2025-06-05 03:05:55'),
(2754, 64, 17, '', '2025-06-05 03:05:55'),
(2755, 64, 13, '', '2025-06-05 03:05:55'),
(2756, 64, 21, '', '2025-06-05 03:05:55'),
(2757, 64, 20, '', '2025-06-05 03:05:55'),
(2758, 64, 21, '', '2025-06-05 03:05:55'),
(2759, 64, 18, '', '2025-06-05 03:05:55'),
(2760, 64, 5, '', '2025-06-05 03:05:55'),
(2761, 64, 24, '', '2025-06-05 03:05:55'),
(2762, 65, 1, '', '2025-06-05 03:05:55'),
(2763, 65, 12, '', '2025-06-05 03:05:55'),
(2764, 65, 16, '', '2025-06-05 03:05:55'),
(2765, 65, 8, '', '2025-06-05 03:05:55'),
(2766, 65, 16, '', '2025-06-05 03:05:55'),
(2767, 65, 13, '', '2025-06-05 03:05:55'),
(2768, 65, 4, '', '2025-06-05 03:05:55'),
(2769, 65, 12, '', '2025-06-05 03:05:55'),
(2770, 65, 13, '', '2025-06-05 03:05:55'),
(2771, 65, 24, '', '2025-06-05 03:05:55'),
(2772, 65, 7, '', '2025-06-05 03:05:55'),
(2773, 65, 13, '', '2025-06-05 03:05:55'),
(2774, 65, 2, '', '2025-06-05 03:05:55'),
(2775, 65, 15, '', '2025-06-05 03:05:55'),
(2776, 65, 20, '', '2025-06-05 03:05:55'),
(2777, 65, 22, '', '2025-06-05 03:05:55'),
(2778, 65, 2, '', '2025-06-05 03:05:55'),
(2779, 65, 14, '', '2025-06-05 03:05:55'),
(2780, 65, 10, '', '2025-06-05 03:05:55'),
(2781, 65, 11, '', '2025-06-05 03:05:55'),
(2782, 90, 14, '', '2025-06-05 03:05:55'),
(2783, 90, 6, '', '2025-06-05 03:05:55'),
(2784, 90, 8, '', '2025-06-05 03:05:55'),
(2785, 90, 7, '', '2025-06-05 03:05:55'),
(2786, 90, 16, '', '2025-06-05 03:05:55'),
(2787, 90, 10, '', '2025-06-05 03:05:55'),
(2788, 90, 8, '', '2025-06-05 03:05:55'),
(2789, 90, 22, '', '2025-06-05 03:05:55'),
(2790, 90, 6, '', '2025-06-05 03:05:55'),
(2791, 90, 9, '', '2025-06-05 03:05:55'),
(2792, 90, 2, '', '2025-06-05 03:05:55'),
(2793, 90, 11, '', '2025-06-05 03:05:55'),
(2794, 90, 17, '', '2025-06-05 03:05:55'),
(2795, 90, 14, '', '2025-06-05 03:05:55'),
(2796, 90, 8, '', '2025-06-05 03:05:55'),
(2797, 90, 17, '', '2025-06-05 03:05:55'),
(2798, 90, 13, '', '2025-06-05 03:05:55'),
(2799, 90, 10, '', '2025-06-05 03:05:55'),
(2800, 90, 4, '', '2025-06-05 03:05:55'),
(2801, 90, 5, '', '2025-06-05 03:05:55'),
(2802, 90, 23, '', '2025-06-05 03:05:55'),
(2803, 90, 11, '', '2025-06-05 03:05:55'),
(2804, 90, 14, '', '2025-06-05 03:05:55'),
(2805, 90, 18, '', '2025-06-05 03:05:55'),
(2806, 90, 18, '', '2025-06-05 03:05:55'),
(2807, 90, 6, '', '2025-06-05 03:05:55'),
(2808, 90, 21, '', '2025-06-05 03:05:55'),
(2809, 90, 8, '', '2025-06-05 03:05:55'),
(2810, 90, 4, '', '2025-06-05 03:05:55'),
(2811, 90, 17, '', '2025-06-05 03:05:55'),
(2812, 90, 18, '', '2025-06-05 03:05:55'),
(2813, 90, 1, '', '2025-06-05 03:05:55'),
(2814, 90, 17, '', '2025-06-05 03:05:55'),
(2815, 90, 9, '', '2025-06-05 03:05:55'),
(2816, 90, 12, '', '2025-06-05 03:05:55'),
(2817, 90, 10, '', '2025-06-05 03:05:55'),
(2818, 90, 4, '', '2025-06-05 03:05:55'),
(2819, 90, 16, '', '2025-06-05 03:05:55'),
(2820, 90, 12, '', '2025-06-05 03:05:55'),
(2821, 90, 8, '', '2025-06-05 03:05:55'),
(2822, 91, 6, '', '2025-06-05 03:05:55'),
(2823, 91, 4, '', '2025-06-05 03:05:55'),
(2824, 91, 4, '', '2025-06-05 03:05:55'),
(2825, 91, 6, '', '2025-06-05 03:05:55'),
(2826, 91, 19, '', '2025-06-05 03:05:55'),
(2827, 91, 1, '', '2025-06-05 03:05:55'),
(2828, 91, 23, '', '2025-06-05 03:05:55'),
(2829, 91, 9, '', '2025-06-05 03:05:55'),
(2830, 91, 7, '', '2025-06-05 03:05:55'),
(2831, 91, 2, '', '2025-06-05 03:05:55'),
(2832, 91, 6, '', '2025-06-05 03:05:55'),
(2833, 91, 1, '', '2025-06-05 03:05:55'),
(2834, 91, 10, '', '2025-06-05 03:05:55'),
(2835, 91, 6, '', '2025-06-05 03:05:55'),
(2836, 91, 1, '', '2025-06-05 03:05:55'),
(2837, 91, 8, '', '2025-06-05 03:05:55'),
(2838, 91, 13, '', '2025-06-05 03:05:55'),
(2839, 91, 12, '', '2025-06-05 03:05:55'),
(2840, 91, 19, '', '2025-06-05 03:05:55'),
(2841, 91, 8, '', '2025-06-05 03:05:55'),
(2842, 91, 22, '', '2025-06-05 03:05:55'),
(2843, 91, 19, '', '2025-06-05 03:05:55'),
(2844, 91, 7, '', '2025-06-05 03:05:55'),
(2845, 91, 1, '', '2025-06-05 03:05:55'),
(2846, 91, 9, '', '2025-06-05 03:05:55'),
(2847, 91, 6, '', '2025-06-05 03:05:55'),
(2848, 91, 20, '', '2025-06-05 03:05:55'),
(2849, 91, 18, '', '2025-06-05 03:05:55'),
(2850, 91, 1, '', '2025-06-05 03:05:55'),
(2851, 91, 18, '', '2025-06-05 03:05:55'),
(2852, 91, 21, '', '2025-06-05 03:05:55'),
(2853, 91, 16, '', '2025-06-05 03:05:55'),
(2854, 91, 17, '', '2025-06-05 03:05:55'),
(2855, 91, 5, '', '2025-06-05 03:05:55'),
(2856, 91, 17, '', '2025-06-05 03:05:55'),
(2857, 91, 12, '', '2025-06-05 03:05:55'),
(2858, 91, 6, '', '2025-06-05 03:05:55'),
(2859, 91, 9, '', '2025-06-05 03:05:55'),
(2860, 91, 1, '', '2025-06-05 03:05:55'),
(2861, 91, 16, '', '2025-06-05 03:05:55'),
(2862, 91, 20, '', '2025-06-05 03:05:55'),
(2863, 91, 17, '', '2025-06-05 03:05:55'),
(2864, 91, 11, '', '2025-06-05 03:05:55'),
(2865, 91, 9, '', '2025-06-05 03:05:55'),
(2866, 91, 10, '', '2025-06-05 03:05:55'),
(2867, 92, 15, '', '2025-06-05 03:05:55'),
(2868, 92, 24, '', '2025-06-05 03:05:55'),
(2869, 92, 9, '', '2025-06-05 03:05:55'),
(2870, 92, 11, '', '2025-06-05 03:05:55'),
(2871, 92, 11, '', '2025-06-05 03:05:55'),
(2872, 92, 7, '', '2025-06-05 03:05:55'),
(2873, 92, 17, '', '2025-06-05 03:05:55'),
(2874, 92, 17, '', '2025-06-05 03:05:55'),
(2875, 92, 18, '', '2025-06-05 03:05:55'),
(2876, 92, 15, '', '2025-06-05 03:05:55'),
(2877, 92, 2, '', '2025-06-05 03:05:55'),
(2878, 92, 10, '', '2025-06-05 03:05:55'),
(2879, 92, 17, '', '2025-06-05 03:05:55'),
(2880, 92, 10, '', '2025-06-05 03:05:55'),
(2881, 92, 4, '', '2025-06-05 03:05:55'),
(2882, 92, 9, '', '2025-06-05 03:05:55'),
(2883, 92, 6, '', '2025-06-05 03:05:55'),
(2884, 92, 4, '', '2025-06-05 03:05:55'),
(2885, 92, 2, '', '2025-06-05 03:05:55'),
(2886, 92, 24, '', '2025-06-05 03:05:55'),
(2887, 92, 4, '', '2025-06-05 03:05:55'),
(2888, 92, 4, '', '2025-06-05 03:05:55'),
(2889, 92, 13, '', '2025-06-05 03:05:55'),
(2890, 92, 16, '', '2025-06-05 03:05:55'),
(2891, 92, 8, '', '2025-06-05 03:05:55'),
(2892, 92, 9, '', '2025-06-05 03:05:55'),
(2893, 92, 15, '', '2025-06-05 03:05:55'),
(2894, 92, 7, '', '2025-06-05 03:05:55'),
(2895, 92, 13, '', '2025-06-05 03:05:55'),
(2896, 92, 12, '', '2025-06-05 03:05:55'),
(2897, 92, 4, '', '2025-06-05 03:05:55'),
(2898, 92, 14, '', '2025-06-05 03:05:55'),
(2899, 92, 17, '', '2025-06-05 03:05:55'),
(2900, 92, 16, '', '2025-06-05 03:05:55'),
(2901, 92, 8, '', '2025-06-05 03:05:55'),
(2902, 92, 18, '', '2025-06-05 03:05:55'),
(2903, 92, 9, '', '2025-06-05 03:05:55'),
(2904, 92, 2, '', '2025-06-05 03:05:55'),
(2905, 92, 10, '', '2025-06-05 03:05:55'),
(2906, 92, 11, '', '2025-06-05 03:05:55'),
(2907, 92, 23, '', '2025-06-05 03:05:55'),
(2908, 92, 12, '', '2025-06-05 03:05:55'),
(2909, 92, 14, '', '2025-06-05 03:05:55'),
(2910, 92, 4, '', '2025-06-05 03:05:55'),
(2911, 92, 11, '', '2025-06-05 03:05:55'),
(2912, 92, 20, '', '2025-06-05 03:05:55'),
(2913, 92, 8, '', '2025-06-05 03:05:55'),
(2914, 93, 9, '', '2025-06-05 03:05:55'),
(2915, 93, 16, '', '2025-06-05 03:05:55'),
(2916, 93, 17, '', '2025-06-05 03:05:55'),
(2917, 93, 20, '', '2025-06-05 03:05:55'),
(2918, 93, 1, '', '2025-06-05 03:05:55'),
(2919, 93, 7, '', '2025-06-05 03:05:55'),
(2920, 93, 7, '', '2025-06-05 03:05:55'),
(2921, 93, 4, '', '2025-06-05 03:05:55'),
(2922, 93, 10, '', '2025-06-05 03:05:55'),
(2923, 93, 11, '', '2025-06-05 03:05:55'),
(2924, 93, 5, '', '2025-06-05 03:05:55'),
(2925, 93, 7, '', '2025-06-05 03:05:55'),
(2926, 93, 23, '', '2025-06-05 03:05:55'),
(2927, 93, 16, '', '2025-06-05 03:05:55'),
(2928, 93, 22, '', '2025-06-05 03:05:55'),
(2929, 93, 22, '', '2025-06-05 03:05:55'),
(2930, 93, 2, '', '2025-06-05 03:05:55'),
(2931, 93, 20, '', '2025-06-05 03:05:55'),
(2932, 93, 4, '', '2025-06-05 03:05:55'),
(2933, 93, 6, '', '2025-06-05 03:05:55'),
(2934, 93, 20, '', '2025-06-05 03:05:55'),
(2935, 93, 21, '', '2025-06-05 03:05:55'),
(2936, 93, 24, '', '2025-06-05 03:05:55'),
(2937, 93, 13, '', '2025-06-05 03:05:55'),
(2938, 93, 10, '', '2025-06-05 03:05:55'),
(2939, 93, 11, '', '2025-06-05 03:05:55'),
(2940, 93, 5, '', '2025-06-05 03:05:55'),
(2941, 93, 13, '', '2025-06-05 03:05:55'),
(2942, 93, 22, '', '2025-06-05 03:05:55'),
(2943, 93, 14, '', '2025-06-05 03:05:55'),
(2944, 93, 24, '', '2025-06-05 03:05:55'),
(2945, 93, 21, '', '2025-06-05 03:05:55'),
(2946, 93, 19, '', '2025-06-05 03:05:55'),
(2947, 93, 20, '', '2025-06-05 03:05:55'),
(2948, 94, 20, '', '2025-06-05 03:05:55'),
(2949, 94, 8, '', '2025-06-05 03:05:55'),
(2950, 94, 13, '', '2025-06-05 03:05:55'),
(2951, 94, 21, '', '2025-06-05 03:05:55'),
(2952, 94, 22, '', '2025-06-05 03:05:55'),
(2953, 94, 22, '', '2025-06-05 03:05:55'),
(2954, 94, 4, '', '2025-06-05 03:05:55'),
(2955, 94, 8, '', '2025-06-05 03:05:55'),
(2956, 94, 9, '', '2025-06-05 03:05:55'),
(2957, 94, 8, '', '2025-06-05 03:05:55'),
(2958, 94, 17, '', '2025-06-05 03:05:55'),
(2959, 94, 14, '', '2025-06-05 03:05:55'),
(2960, 94, 24, '', '2025-06-05 03:05:55'),
(2961, 94, 7, '', '2025-06-05 03:05:55'),
(2962, 94, 7, '', '2025-06-05 03:05:55'),
(2963, 94, 12, '', '2025-06-05 03:05:55'),
(2964, 94, 18, '', '2025-06-05 03:05:55'),
(2965, 94, 23, '', '2025-06-05 03:05:55'),
(2966, 94, 23, '', '2025-06-05 03:05:55'),
(2967, 94, 16, '', '2025-06-05 03:05:55'),
(2968, 94, 2, '', '2025-06-05 03:05:55'),
(2969, 94, 7, '', '2025-06-05 03:05:55'),
(2970, 94, 23, '', '2025-06-05 03:05:55'),
(2971, 94, 11, '', '2025-06-05 03:05:55'),
(2972, 94, 5, '', '2025-06-05 03:05:55'),
(2973, 94, 16, '', '2025-06-05 03:05:55'),
(2974, 94, 16, '', '2025-06-05 03:05:55'),
(2975, 94, 1, '', '2025-06-05 03:05:55'),
(2976, 94, 12, '', '2025-06-05 03:05:55'),
(2977, 94, 10, '', '2025-06-05 03:05:55'),
(2978, 94, 23, '', '2025-06-05 03:05:55'),
(2979, 94, 13, '', '2025-06-05 03:05:55'),
(2980, 94, 6, '', '2025-06-05 03:05:55'),
(2981, 94, 1, '', '2025-06-05 03:05:55'),
(2982, 94, 18, '', '2025-06-05 03:05:55'),
(2983, 94, 22, '', '2025-06-05 03:05:55'),
(2984, 94, 8, '', '2025-06-05 03:05:55'),
(2985, 94, 23, '', '2025-06-05 03:05:55'),
(2986, 94, 5, '', '2025-06-05 03:05:55'),
(2987, 94, 2, '', '2025-06-05 03:05:55'),
(2988, 94, 2, '', '2025-06-05 03:05:55'),
(2989, 94, 19, '', '2025-06-05 03:05:55'),
(2990, 94, 23, '', '2025-06-05 03:05:55'),
(2991, 94, 2, '', '2025-06-05 03:05:55'),
(2992, 94, 24, '', '2025-06-05 03:05:55'),
(2993, 94, 10, '', '2025-06-05 03:05:55'),
(2994, 95, 23, '', '2025-06-05 03:05:55'),
(2995, 95, 16, '', '2025-06-05 03:05:55'),
(2996, 95, 14, '', '2025-06-05 03:05:55'),
(2997, 95, 14, '', '2025-06-05 03:05:55'),
(2998, 95, 14, '', '2025-06-05 03:05:55'),
(2999, 95, 1, '', '2025-06-05 03:05:55'),
(3000, 95, 15, '', '2025-06-05 03:05:55'),
(3001, 95, 2, '', '2025-06-05 03:05:55'),
(3002, 95, 7, '', '2025-06-05 03:05:55'),
(3003, 95, 18, '', '2025-06-05 03:05:55'),
(3004, 95, 15, '', '2025-06-05 03:05:55'),
(3005, 95, 16, '', '2025-06-05 03:05:55'),
(3006, 95, 21, '', '2025-06-05 03:05:55'),
(3007, 95, 10, '', '2025-06-05 03:05:55'),
(3008, 95, 12, '', '2025-06-05 03:05:55'),
(3009, 95, 13, '', '2025-06-05 03:05:55'),
(3010, 95, 15, '', '2025-06-05 03:05:55'),
(3011, 95, 7, '', '2025-06-05 03:05:55'),
(3012, 95, 18, '', '2025-06-05 03:05:55'),
(3013, 95, 11, '', '2025-06-05 03:05:55'),
(3014, 95, 16, '', '2025-06-05 03:05:55'),
(3015, 95, 19, '', '2025-06-05 03:05:55'),
(3016, 95, 14, '', '2025-06-05 03:05:55'),
(3017, 95, 7, '', '2025-06-05 03:05:55'),
(3018, 95, 15, '', '2025-06-05 03:05:55'),
(3019, 95, 12, '', '2025-06-05 03:05:55'),
(3020, 95, 6, '', '2025-06-05 03:05:55'),
(3021, 95, 11, '', '2025-06-05 03:05:55'),
(3022, 95, 21, '', '2025-06-05 03:05:55'),
(3023, 95, 14, '', '2025-06-05 03:05:55'),
(3024, 95, 14, '', '2025-06-05 03:05:55'),
(3025, 95, 10, '', '2025-06-05 03:05:55'),
(3026, 95, 16, '', '2025-06-05 03:05:55'),
(3027, 95, 23, '', '2025-06-05 03:05:55'),
(3028, 95, 24, '', '2025-06-05 03:05:55'),
(3029, 131, 7, '', '2025-06-05 03:05:55'),
(3030, 131, 12, '', '2025-06-05 03:05:55'),
(3031, 131, 10, '', '2025-06-05 03:05:55'),
(3032, 131, 22, '', '2025-06-05 03:05:55'),
(3033, 131, 20, '', '2025-06-05 03:05:55'),
(3034, 131, 7, '', '2025-06-05 03:05:55'),
(3035, 131, 14, '', '2025-06-05 03:05:55'),
(3036, 131, 1, '', '2025-06-05 03:05:55'),
(3037, 131, 16, '', '2025-06-05 03:05:55'),
(3038, 131, 12, '', '2025-06-05 03:05:55'),
(3039, 131, 13, '', '2025-06-05 03:05:55'),
(3040, 131, 20, '', '2025-06-05 03:05:55'),
(3041, 131, 6, '', '2025-06-05 03:05:55'),
(3042, 131, 17, '', '2025-06-05 03:05:55'),
(3043, 131, 9, '', '2025-06-05 03:05:55'),
(3044, 131, 2, '', '2025-06-05 03:05:55'),
(3045, 131, 8, '', '2025-06-05 03:05:55'),
(3046, 131, 24, '', '2025-06-05 03:05:55'),
(3047, 131, 24, '', '2025-06-05 03:05:55'),
(3048, 131, 17, '', '2025-06-05 03:05:55'),
(3049, 131, 13, '', '2025-06-05 03:05:55'),
(3050, 131, 7, '', '2025-06-05 03:05:55'),
(3051, 131, 24, '', '2025-06-05 03:05:55'),
(3052, 131, 18, '', '2025-06-05 03:05:55'),
(3053, 131, 23, '', '2025-06-05 03:05:55'),
(3054, 131, 23, '', '2025-06-05 03:05:55'),
(3055, 131, 9, '', '2025-06-05 03:05:55'),
(3056, 131, 20, '', '2025-06-05 03:05:55'),
(3057, 131, 4, '', '2025-06-05 03:05:55'),
(3058, 131, 21, '', '2025-06-05 03:05:55'),
(3059, 131, 9, '', '2025-06-05 03:05:55'),
(3060, 131, 20, '', '2025-06-05 03:05:55'),
(3061, 131, 10, '', '2025-06-05 03:05:55'),
(3062, 131, 23, '', '2025-06-05 03:05:55'),
(3063, 131, 8, '', '2025-06-05 03:05:55'),
(3064, 131, 2, '', '2025-06-05 03:05:55'),
(3065, 131, 6, '', '2025-06-05 03:05:55'),
(3066, 131, 5, '', '2025-06-05 03:05:55'),
(3067, 131, 5, '', '2025-06-05 03:05:55'),
(3068, 131, 16, '', '2025-06-05 03:05:55'),
(3069, 131, 13, '', '2025-06-05 03:05:55'),
(3070, 131, 10, '', '2025-06-05 03:05:55'),
(3071, 131, 10, '', '2025-06-05 03:05:55'),
(3072, 131, 7, '', '2025-06-05 03:05:55'),
(3073, 131, 7, '', '2025-06-05 03:05:55'),
(3074, 131, 2, '', '2025-06-05 03:05:55'),
(3075, 132, 23, '', '2025-06-05 03:05:55'),
(3076, 132, 20, '', '2025-06-05 03:05:55'),
(3077, 132, 4, '', '2025-06-05 03:05:55'),
(3078, 132, 11, '', '2025-06-05 03:05:55'),
(3079, 132, 20, '', '2025-06-05 03:05:55'),
(3080, 132, 21, '', '2025-06-05 03:05:55'),
(3081, 132, 19, '', '2025-06-05 03:05:55'),
(3082, 132, 18, '', '2025-06-05 03:05:55'),
(3083, 132, 4, '', '2025-06-05 03:05:55'),
(3084, 132, 6, '', '2025-06-05 03:05:55'),
(3085, 132, 11, '', '2025-06-05 03:05:55'),
(3086, 132, 7, '', '2025-06-05 03:05:55'),
(3087, 132, 10, '', '2025-06-05 03:05:55'),
(3088, 132, 23, '', '2025-06-05 03:05:55'),
(3089, 132, 16, '', '2025-06-05 03:05:55'),
(3090, 132, 11, '', '2025-06-05 03:05:55'),
(3091, 132, 23, '', '2025-06-05 03:05:55'),
(3092, 132, 12, '', '2025-06-05 03:05:55'),
(3093, 132, 1, '', '2025-06-05 03:05:55'),
(3094, 132, 24, '', '2025-06-05 03:05:55'),
(3095, 132, 18, '', '2025-06-05 03:05:55'),
(3096, 132, 7, '', '2025-06-05 03:05:55'),
(3097, 132, 16, '', '2025-06-05 03:05:55'),
(3098, 132, 11, '', '2025-06-05 03:05:55'),
(3099, 132, 20, '', '2025-06-05 03:05:55'),
(3100, 132, 7, '', '2025-06-05 03:05:55'),
(3101, 132, 21, '', '2025-06-05 03:05:55'),
(3102, 132, 7, '', '2025-06-05 03:05:55'),
(3103, 132, 5, '', '2025-06-05 03:05:55'),
(3104, 132, 10, '', '2025-06-05 03:05:55'),
(3105, 132, 18, '', '2025-06-05 03:05:55'),
(3106, 132, 9, '', '2025-06-05 03:05:55'),
(3107, 132, 15, '', '2025-06-05 03:05:55'),
(3108, 132, 4, '', '2025-06-05 03:05:55'),
(3109, 132, 16, '', '2025-06-05 03:05:55'),
(3110, 132, 22, '', '2025-06-05 03:05:55'),
(3111, 132, 4, '', '2025-06-05 03:05:55'),
(3112, 132, 10, '', '2025-06-05 03:05:55'),
(3113, 132, 1, '', '2025-06-05 03:05:55'),
(3114, 132, 2, '', '2025-06-05 03:05:55'),
(3115, 132, 20, '', '2025-06-05 03:05:55'),
(3116, 132, 10, '', '2025-06-05 03:05:55'),
(3117, 132, 17, '', '2025-06-05 03:05:55'),
(3118, 133, 5, '', '2025-06-05 03:05:55'),
(3119, 133, 8, '', '2025-06-05 03:05:55'),
(3120, 133, 18, '', '2025-06-05 03:05:55'),
(3121, 133, 21, '', '2025-06-05 03:05:55'),
(3122, 133, 12, '', '2025-06-05 03:05:55'),
(3123, 133, 24, '', '2025-06-05 03:05:55'),
(3124, 133, 7, '', '2025-06-05 03:05:55'),
(3125, 133, 22, '', '2025-06-05 03:05:55'),
(3126, 133, 12, '', '2025-06-05 03:05:55'),
(3127, 133, 12, '', '2025-06-05 03:05:55'),
(3128, 133, 14, '', '2025-06-05 03:05:55'),
(3129, 133, 12, '', '2025-06-05 03:05:55'),
(3130, 133, 9, '', '2025-06-05 03:05:55'),
(3131, 133, 2, '', '2025-06-05 03:05:55'),
(3132, 133, 15, '', '2025-06-05 03:05:55'),
(3133, 133, 17, '', '2025-06-05 03:05:55'),
(3134, 133, 12, '', '2025-06-05 03:05:55'),
(3135, 133, 16, '', '2025-06-05 03:05:55'),
(3136, 133, 23, '', '2025-06-05 03:05:55'),
(3137, 133, 21, '', '2025-06-05 03:05:55'),
(3138, 133, 14, '', '2025-06-05 03:05:55'),
(3139, 133, 17, '', '2025-06-05 03:05:55'),
(3140, 133, 21, '', '2025-06-05 03:05:55'),
(3141, 133, 1, '', '2025-06-05 03:05:55'),
(3142, 133, 10, '', '2025-06-05 03:05:55'),
(3143, 133, 24, '', '2025-06-05 03:05:55'),
(3144, 133, 15, '', '2025-06-05 03:05:55'),
(3145, 133, 19, '', '2025-06-05 03:05:55'),
(3146, 133, 17, '', '2025-06-05 03:05:55'),
(3147, 134, 7, '', '2025-06-05 03:05:55'),
(3148, 134, 1, '', '2025-06-05 03:05:55'),
(3149, 134, 5, '', '2025-06-05 03:05:55'),
(3150, 134, 14, '', '2025-06-05 03:05:55'),
(3151, 134, 10, '', '2025-06-05 03:05:55'),
(3152, 134, 20, '', '2025-06-05 03:05:55'),
(3153, 134, 10, '', '2025-06-05 03:05:55'),
(3154, 134, 7, '', '2025-06-05 03:05:55'),
(3155, 134, 2, '', '2025-06-05 03:05:55'),
(3156, 134, 1, '', '2025-06-05 03:05:55'),
(3157, 134, 15, '', '2025-06-05 03:05:55'),
(3158, 134, 14, '', '2025-06-05 03:05:55'),
(3159, 134, 2, '', '2025-06-05 03:05:55'),
(3160, 134, 18, '', '2025-06-05 03:05:55'),
(3161, 134, 16, '', '2025-06-05 03:05:55'),
(3162, 134, 8, '', '2025-06-05 03:05:55'),
(3163, 134, 4, '', '2025-06-05 03:05:55'),
(3164, 134, 17, '', '2025-06-05 03:05:55'),
(3165, 134, 2, '', '2025-06-05 03:05:55'),
(3166, 134, 4, '', '2025-06-05 03:05:55'),
(3167, 134, 19, '', '2025-06-05 03:05:55'),
(3168, 134, 5, '', '2025-06-05 03:05:55'),
(3169, 134, 1, '', '2025-06-05 03:05:55'),
(3170, 134, 18, '', '2025-06-05 03:05:55'),
(3171, 134, 8, '', '2025-06-05 03:05:55'),
(3172, 134, 2, '', '2025-06-05 03:05:55'),
(3173, 134, 24, '', '2025-06-05 03:05:55'),
(3174, 134, 20, '', '2025-06-05 03:05:55'),
(3175, 134, 23, '', '2025-06-05 03:05:55'),
(3176, 134, 15, '', '2025-06-05 03:05:55'),
(3177, 134, 14, '', '2025-06-05 03:05:55'),
(3178, 135, 7, '', '2025-06-05 03:05:55'),
(3179, 135, 24, '', '2025-06-05 03:05:55'),
(3180, 135, 21, '', '2025-06-05 03:05:55'),
(3181, 135, 7, '', '2025-06-05 03:05:55'),
(3182, 135, 22, '', '2025-06-05 03:05:55'),
(3183, 135, 20, '', '2025-06-05 03:05:55'),
(3184, 135, 22, '', '2025-06-05 03:05:55'),
(3185, 135, 14, '', '2025-06-05 03:05:55'),
(3186, 135, 16, '', '2025-06-05 03:05:55'),
(3187, 135, 16, '', '2025-06-05 03:05:55'),
(3188, 135, 15, '', '2025-06-05 03:05:55'),
(3189, 135, 16, '', '2025-06-05 03:05:55'),
(3190, 135, 2, '', '2025-06-05 03:05:55'),
(3191, 135, 4, '', '2025-06-05 03:05:55'),
(3192, 135, 7, '', '2025-06-05 03:05:55'),
(3193, 135, 7, '', '2025-06-05 03:05:55'),
(3194, 135, 6, '', '2025-06-05 03:05:55'),
(3195, 135, 5, '', '2025-06-05 03:05:55'),
(3196, 135, 5, '', '2025-06-05 03:05:55'),
(3197, 135, 17, '', '2025-06-05 03:05:55'),
(3198, 135, 16, '', '2025-06-05 03:05:55'),
(3199, 135, 13, '', '2025-06-05 03:05:55'),
(3200, 136, 19, '', '2025-06-05 03:05:55'),
(3201, 136, 7, '', '2025-06-05 03:05:55'),
(3202, 136, 15, '', '2025-06-05 03:05:55'),
(3203, 136, 16, '', '2025-06-05 03:05:55'),
(3204, 136, 8, '', '2025-06-05 03:05:55'),
(3205, 136, 11, '', '2025-06-05 03:05:55'),
(3206, 136, 24, '', '2025-06-05 03:05:55'),
(3207, 136, 9, '', '2025-06-05 03:05:55'),
(3208, 136, 21, '', '2025-06-05 03:05:55'),
(3209, 136, 12, '', '2025-06-05 03:05:55'),
(3210, 136, 21, '', '2025-06-05 03:05:55'),
(3211, 136, 21, '', '2025-06-05 03:05:55'),
(3212, 136, 7, '', '2025-06-05 03:05:55'),
(3213, 136, 18, '', '2025-06-05 03:05:55'),
(3214, 136, 22, '', '2025-06-05 03:05:55'),
(3215, 136, 24, '', '2025-06-05 03:05:55'),
(3216, 136, 22, '', '2025-06-05 03:05:55'),
(3217, 136, 11, '', '2025-06-05 03:05:55'),
(3218, 136, 18, '', '2025-06-05 03:05:55'),
(3219, 136, 21, '', '2025-06-05 03:05:55'),
(3220, 136, 9, '', '2025-06-05 03:05:55'),
(3221, 136, 17, '', '2025-06-05 03:05:55'),
(3222, 136, 15, '', '2025-06-05 03:05:55'),
(3223, 136, 9, '', '2025-06-05 03:05:55'),
(3224, 136, 21, '', '2025-06-05 03:05:55'),
(3225, 136, 13, '', '2025-06-05 03:05:55'),
(3226, 136, 21, '', '2025-06-05 03:05:55'),
(3227, 136, 4, '', '2025-06-05 03:05:55'),
(3228, 136, 2, '', '2025-06-05 03:05:55'),
(3229, 136, 8, '', '2025-06-05 03:05:55'),
(3230, 136, 20, '', '2025-06-05 03:05:55'),
(3231, 136, 18, '', '2025-06-05 03:05:55'),
(3232, 136, 6, '', '2025-06-05 03:05:55'),
(3233, 136, 18, '', '2025-06-05 03:05:55'),
(3234, 136, 19, '', '2025-06-05 03:05:55'),
(3235, 136, 20, '', '2025-06-05 03:05:55'),
(3236, 136, 1, '', '2025-06-05 03:05:55'),
(3237, 136, 18, '', '2025-06-05 03:05:55'),
(3238, 136, 10, '', '2025-06-05 03:05:55'),
(3239, 136, 19, '', '2025-06-05 03:05:55'),
(3240, 45, 20, '', '2025-06-05 03:05:55'),
(3241, 45, 24, '', '2025-06-05 03:05:55'),
(3242, 45, 1, '', '2025-06-05 03:05:55'),
(3243, 45, 11, '', '2025-06-05 03:05:55'),
(3244, 45, 16, '', '2025-06-05 03:05:55'),
(3245, 45, 15, '', '2025-06-05 03:05:55'),
(3246, 45, 16, '', '2025-06-05 03:05:55'),
(3247, 45, 6, '', '2025-06-05 03:05:55'),
(3248, 45, 2, '', '2025-06-05 03:05:55'),
(3249, 45, 8, '', '2025-06-05 03:05:55'),
(3250, 45, 4, '', '2025-06-05 03:05:55'),
(3251, 45, 4, '', '2025-06-05 03:05:55'),
(3252, 45, 18, '', '2025-06-05 03:05:55'),
(3253, 45, 1, '', '2025-06-05 03:05:55'),
(3254, 45, 18, '', '2025-06-05 03:05:55'),
(3255, 45, 21, '', '2025-06-05 03:05:55'),
(3256, 45, 17, '', '2025-06-05 03:05:55'),
(3257, 45, 19, '', '2025-06-05 03:05:55'),
(3258, 45, 13, '', '2025-06-05 03:05:55'),
(3259, 45, 21, '', '2025-06-05 03:05:55'),
(3260, 45, 18, '', '2025-06-05 03:05:55'),
(3261, 45, 1, '', '2025-06-05 03:05:55'),
(3262, 45, 15, '', '2025-06-05 03:05:55'),
(3263, 45, 4, '', '2025-06-05 03:05:55'),
(3264, 45, 19, '', '2025-06-05 03:05:55'),
(3265, 45, 21, '', '2025-06-05 03:05:55'),
(3266, 45, 17, '', '2025-06-05 03:05:55'),
(3267, 45, 24, '', '2025-06-05 03:05:55'),
(3268, 45, 8, '', '2025-06-05 03:05:55'),
(3269, 45, 6, '', '2025-06-05 03:05:55'),
(3270, 45, 14, '', '2025-06-05 03:05:55'),
(3271, 45, 2, '', '2025-06-05 03:05:55'),
(3272, 45, 10, '', '2025-06-05 03:05:55'),
(3273, 45, 7, '', '2025-06-05 03:05:55'),
(3274, 45, 8, '', '2025-06-05 03:05:55'),
(3275, 45, 14, '', '2025-06-05 03:05:55'),
(3276, 46, 10, '', '2025-06-05 03:05:55'),
(3277, 46, 24, '', '2025-06-05 03:05:55'),
(3278, 46, 1, '', '2025-06-05 03:05:55'),
(3279, 46, 7, '', '2025-06-05 03:05:55'),
(3280, 46, 9, '', '2025-06-05 03:05:55'),
(3281, 46, 2, '', '2025-06-05 03:05:55'),
(3282, 46, 18, '', '2025-06-05 03:05:55'),
(3283, 46, 5, '', '2025-06-05 03:05:55'),
(3284, 46, 21, '', '2025-06-05 03:05:55'),
(3285, 46, 15, '', '2025-06-05 03:05:55'),
(3286, 46, 7, '', '2025-06-05 03:05:55'),
(3287, 46, 4, '', '2025-06-05 03:05:55'),
(3288, 46, 10, '', '2025-06-05 03:05:55'),
(3289, 46, 9, '', '2025-06-05 03:05:55'),
(3290, 46, 11, '', '2025-06-05 03:05:55'),
(3291, 46, 6, '', '2025-06-05 03:05:55'),
(3292, 46, 8, '', '2025-06-05 03:05:55'),
(3293, 46, 9, '', '2025-06-05 03:05:55'),
(3294, 46, 15, '', '2025-06-05 03:05:55'),
(3295, 46, 10, '', '2025-06-05 03:05:55'),
(3296, 46, 11, '', '2025-06-05 03:05:55'),
(3297, 46, 18, '', '2025-06-05 03:05:55'),
(3298, 46, 12, '', '2025-06-05 03:05:55'),
(3299, 46, 20, '', '2025-06-05 03:05:55'),
(3300, 46, 17, '', '2025-06-05 03:05:55'),
(3301, 46, 10, '', '2025-06-05 03:05:55'),
(3302, 46, 11, '', '2025-06-05 03:05:55'),
(3303, 46, 18, '', '2025-06-05 03:05:55'),
(3304, 46, 21, '', '2025-06-05 03:05:55'),
(3305, 46, 5, '', '2025-06-05 03:05:55'),
(3306, 46, 24, '', '2025-06-05 03:05:55'),
(3307, 46, 16, '', '2025-06-05 03:05:55'),
(3308, 46, 19, '', '2025-06-05 03:05:55'),
(3309, 46, 15, '', '2025-06-05 03:05:55'),
(3310, 46, 6, '', '2025-06-05 03:05:55'),
(3311, 46, 4, '', '2025-06-05 03:05:55'),
(3312, 46, 4, '', '2025-06-05 03:05:55'),
(3313, 46, 1, '', '2025-06-05 03:05:55'),
(3314, 47, 5, '', '2025-06-05 03:05:55'),
(3315, 47, 21, '', '2025-06-05 03:05:55'),
(3316, 47, 6, '', '2025-06-05 03:05:55'),
(3317, 47, 13, '', '2025-06-05 03:05:55'),
(3318, 47, 24, '', '2025-06-05 03:05:55'),
(3319, 47, 7, '', '2025-06-05 03:05:55'),
(3320, 47, 17, '', '2025-06-05 03:05:55'),
(3321, 47, 12, '', '2025-06-05 03:05:55'),
(3322, 47, 13, '', '2025-06-05 03:05:55'),
(3323, 47, 19, '', '2025-06-05 03:05:55'),
(3324, 47, 24, '', '2025-06-05 03:05:55'),
(3325, 47, 16, '', '2025-06-05 03:05:55'),
(3326, 47, 1, '', '2025-06-05 03:05:55'),
(3327, 47, 4, '', '2025-06-05 03:05:55'),
(3328, 47, 15, '', '2025-06-05 03:05:55'),
(3329, 47, 7, '', '2025-06-05 03:05:55'),
(3330, 47, 24, '', '2025-06-05 03:05:55'),
(3331, 47, 14, '', '2025-06-05 03:05:55'),
(3332, 47, 9, '', '2025-06-05 03:05:55'),
(3333, 47, 22, '', '2025-06-05 03:05:55'),
(3334, 47, 5, '', '2025-06-05 03:05:55'),
(3335, 47, 20, '', '2025-06-05 03:05:55'),
(3336, 47, 1, '', '2025-06-05 03:05:55'),
(3337, 47, 6, '', '2025-06-05 03:05:55'),
(3338, 47, 24, '', '2025-06-05 03:05:55'),
(3339, 47, 14, '', '2025-06-05 03:05:55'),
(3340, 47, 22, '', '2025-06-05 03:05:55'),
(3341, 47, 1, '', '2025-06-05 03:05:55'),
(3342, 47, 24, '', '2025-06-05 03:05:55'),
(3343, 47, 24, '', '2025-06-05 03:05:55'),
(3344, 47, 13, '', '2025-06-05 03:05:55'),
(3345, 47, 11, '', '2025-06-05 03:05:55'),
(3346, 47, 16, '', '2025-06-05 03:05:55'),
(3347, 47, 22, '', '2025-06-05 03:05:55'),
(3348, 47, 4, '', '2025-06-05 03:05:55'),
(3349, 47, 23, '', '2025-06-05 03:05:55'),
(3350, 47, 23, '', '2025-06-05 03:05:55'),
(3351, 47, 8, '', '2025-06-05 03:05:55'),
(3352, 47, 13, '', '2025-06-05 03:05:55'),
(3353, 47, 20, '', '2025-06-05 03:05:55'),
(3354, 48, 5, '', '2025-06-05 03:05:55'),
(3355, 48, 2, '', '2025-06-05 03:05:55'),
(3356, 48, 2, '', '2025-06-05 03:05:55'),
(3357, 48, 13, '', '2025-06-05 03:05:55'),
(3358, 48, 17, '', '2025-06-05 03:05:55'),
(3359, 48, 16, '', '2025-06-05 03:05:55'),
(3360, 48, 8, '', '2025-06-05 03:05:55'),
(3361, 48, 1, '', '2025-06-05 03:05:55'),
(3362, 48, 14, '', '2025-06-05 03:05:55'),
(3363, 48, 2, '', '2025-06-05 03:05:55'),
(3364, 48, 6, '', '2025-06-05 03:05:55'),
(3365, 48, 8, '', '2025-06-05 03:05:55'),
(3366, 48, 19, '', '2025-06-05 03:05:55'),
(3367, 48, 14, '', '2025-06-05 03:05:55'),
(3368, 48, 18, '', '2025-06-05 03:05:55'),
(3369, 48, 18, '', '2025-06-05 03:05:55'),
(3370, 48, 1, '', '2025-06-05 03:05:55'),
(3371, 48, 2, '', '2025-06-05 03:05:55'),
(3372, 48, 7, '', '2025-06-05 03:05:55'),
(3373, 48, 20, '', '2025-06-05 03:05:55'),
(3374, 48, 2, '', '2025-06-05 03:05:55'),
(3375, 48, 21, '', '2025-06-05 03:05:55'),
(3376, 48, 15, '', '2025-06-05 03:05:55'),
(3377, 49, 4, '', '2025-06-05 03:05:55'),
(3378, 49, 20, '', '2025-06-05 03:05:55'),
(3379, 49, 15, '', '2025-06-05 03:05:55'),
(3380, 49, 20, '', '2025-06-05 03:05:55'),
(3381, 49, 16, '', '2025-06-05 03:05:55'),
(3382, 49, 22, '', '2025-06-05 03:05:55'),
(3383, 49, 19, '', '2025-06-05 03:05:55'),
(3384, 49, 4, '', '2025-06-05 03:05:55'),
(3385, 49, 15, '', '2025-06-05 03:05:55'),
(3386, 49, 10, '', '2025-06-05 03:05:55'),
(3387, 49, 6, '', '2025-06-05 03:05:55'),
(3388, 49, 23, '', '2025-06-05 03:05:55'),
(3389, 49, 11, '', '2025-06-05 03:05:55'),
(3390, 49, 10, '', '2025-06-05 03:05:55'),
(3391, 49, 8, '', '2025-06-05 03:05:55'),
(3392, 49, 9, '', '2025-06-05 03:05:55'),
(3393, 49, 7, '', '2025-06-05 03:05:55'),
(3394, 49, 4, '', '2025-06-05 03:05:55'),
(3395, 49, 9, '', '2025-06-05 03:05:55'),
(3396, 49, 13, '', '2025-06-05 03:05:55'),
(3397, 49, 15, '', '2025-06-05 03:05:55'),
(3398, 49, 12, '', '2025-06-05 03:05:55'),
(3399, 49, 11, '', '2025-06-05 03:05:55'),
(3400, 49, 20, '', '2025-06-05 03:05:55'),
(3401, 49, 4, '', '2025-06-05 03:05:55'),
(3402, 49, 16, '', '2025-06-05 03:05:55'),
(3403, 49, 2, '', '2025-06-05 03:05:55'),
(3404, 49, 20, '', '2025-06-05 03:05:55'),
(3405, 49, 18, '', '2025-06-05 03:05:55'),
(3406, 49, 4, '', '2025-06-05 03:05:55'),
(3407, 49, 18, '', '2025-06-05 03:05:55'),
(3408, 49, 5, '', '2025-06-05 03:05:55'),
(3409, 66, 15, '', '2025-06-05 03:05:55'),
(3410, 66, 19, '', '2025-06-05 03:05:55'),
(3411, 66, 2, '', '2025-06-05 03:05:55'),
(3412, 66, 8, '', '2025-06-05 03:05:55'),
(3413, 66, 24, '', '2025-06-05 03:05:55'),
(3414, 66, 21, '', '2025-06-05 03:05:55'),
(3415, 66, 19, '', '2025-06-05 03:05:55'),
(3416, 66, 17, '', '2025-06-05 03:05:55'),
(3417, 66, 17, '', '2025-06-05 03:05:55'),
(3418, 66, 14, '', '2025-06-05 03:05:55'),
(3419, 66, 8, '', '2025-06-05 03:05:55'),
(3420, 66, 21, '', '2025-06-05 03:05:55'),
(3421, 66, 12, '', '2025-06-05 03:05:55'),
(3422, 66, 11, '', '2025-06-05 03:05:55'),
(3423, 66, 19, '', '2025-06-05 03:05:55'),
(3424, 66, 23, '', '2025-06-05 03:05:55'),
(3425, 66, 18, '', '2025-06-05 03:05:55'),
(3426, 66, 23, '', '2025-06-05 03:05:55'),
(3427, 66, 10, '', '2025-06-05 03:05:55'),
(3428, 66, 4, '', '2025-06-05 03:05:55'),
(3429, 66, 23, '', '2025-06-05 03:05:55'),
(3430, 66, 9, '', '2025-06-05 03:05:55'),
(3431, 66, 21, '', '2025-06-05 03:05:55'),
(3432, 66, 4, '', '2025-06-05 03:05:55'),
(3433, 66, 21, '', '2025-06-05 03:05:55'),
(3434, 66, 7, '', '2025-06-05 03:05:55'),
(3435, 66, 19, '', '2025-06-05 03:05:55'),
(3436, 66, 17, '', '2025-06-05 03:05:55'),
(3437, 66, 19, '', '2025-06-05 03:05:55'),
(3438, 66, 6, '', '2025-06-05 03:05:55'),
(3439, 66, 2, '', '2025-06-05 03:05:55'),
(3440, 66, 13, '', '2025-06-05 03:05:55'),
(3441, 66, 4, '', '2025-06-05 03:05:55'),
(3442, 66, 22, '', '2025-06-05 03:05:55'),
(3443, 66, 8, '', '2025-06-05 03:05:55'),
(3444, 66, 17, '', '2025-06-05 03:05:55'),
(3445, 66, 4, '', '2025-06-05 03:05:55'),
(3446, 66, 11, '', '2025-06-05 03:05:55'),
(3447, 67, 21, '', '2025-06-05 03:05:55'),
(3448, 67, 14, '', '2025-06-05 03:05:55'),
(3449, 67, 8, '', '2025-06-05 03:05:55'),
(3450, 67, 11, '', '2025-06-05 03:05:55'),
(3451, 67, 9, '', '2025-06-05 03:05:55'),
(3452, 67, 11, '', '2025-06-05 03:05:55'),
(3453, 67, 19, '', '2025-06-05 03:05:55'),
(3454, 67, 18, '', '2025-06-05 03:05:55'),
(3455, 67, 19, '', '2025-06-05 03:05:55'),
(3456, 67, 11, '', '2025-06-05 03:05:55'),
(3457, 67, 7, '', '2025-06-05 03:05:55'),
(3458, 67, 18, '', '2025-06-05 03:05:55'),
(3459, 67, 12, '', '2025-06-05 03:05:55'),
(3460, 67, 1, '', '2025-06-05 03:05:55'),
(3461, 67, 19, '', '2025-06-05 03:05:55'),
(3462, 67, 1, '', '2025-06-05 03:05:55'),
(3463, 67, 11, '', '2025-06-05 03:05:55'),
(3464, 67, 1, '', '2025-06-05 03:05:55'),
(3465, 67, 9, '', '2025-06-05 03:05:55'),
(3466, 67, 11, '', '2025-06-05 03:05:55'),
(3467, 67, 5, '', '2025-06-05 03:05:55'),
(3468, 67, 21, '', '2025-06-05 03:05:55'),
(3469, 67, 24, '', '2025-06-05 03:05:55'),
(3470, 67, 24, '', '2025-06-05 03:05:55'),
(3471, 67, 17, '', '2025-06-05 03:05:55'),
(3472, 67, 23, '', '2025-06-05 03:05:55'),
(3473, 67, 7, '', '2025-06-05 03:05:55'),
(3474, 68, 14, '', '2025-06-05 03:05:55'),
(3475, 68, 20, '', '2025-06-05 03:05:55'),
(3476, 68, 16, '', '2025-06-05 03:05:55'),
(3477, 68, 5, '', '2025-06-05 03:05:55'),
(3478, 68, 19, '', '2025-06-05 03:05:55'),
(3479, 68, 12, '', '2025-06-05 03:05:55'),
(3480, 68, 9, '', '2025-06-05 03:05:55'),
(3481, 68, 1, '', '2025-06-05 03:05:55'),
(3482, 68, 18, '', '2025-06-05 03:05:55'),
(3483, 68, 10, '', '2025-06-05 03:05:55'),
(3484, 68, 4, '', '2025-06-05 03:05:55'),
(3485, 68, 10, '', '2025-06-05 03:05:55'),
(3486, 68, 19, '', '2025-06-05 03:05:55'),
(3487, 68, 15, '', '2025-06-05 03:05:55'),
(3488, 68, 4, '', '2025-06-05 03:05:55'),
(3489, 68, 15, '', '2025-06-05 03:05:55'),
(3490, 68, 20, '', '2025-06-05 03:05:55'),
(3491, 68, 10, '', '2025-06-05 03:05:55'),
(3492, 68, 4, '', '2025-06-05 03:05:55'),
(3493, 68, 13, '', '2025-06-05 03:05:55'),
(3494, 68, 20, '', '2025-06-05 03:05:55'),
(3495, 68, 4, '', '2025-06-05 03:05:55'),
(3496, 68, 11, '', '2025-06-05 03:05:55'),
(3497, 68, 6, '', '2025-06-05 03:05:55'),
(3498, 68, 22, '', '2025-06-05 03:05:55'),
(3499, 68, 15, '', '2025-06-05 03:05:55'),
(3500, 68, 15, '', '2025-06-05 03:05:55'),
(3501, 68, 5, '', '2025-06-05 03:05:55'),
(3502, 68, 7, '', '2025-06-05 03:05:55'),
(3503, 68, 4, '', '2025-06-05 03:05:55'),
(3504, 68, 4, '', '2025-06-05 03:05:55'),
(3505, 68, 14, '', '2025-06-05 03:05:55'),
(3506, 68, 1, '', '2025-06-05 03:05:55'),
(3507, 68, 8, '', '2025-06-05 03:05:55'),
(3508, 68, 2, '', '2025-06-05 03:05:55'),
(3509, 68, 15, '', '2025-06-05 03:05:55'),
(3510, 68, 5, '', '2025-06-05 03:05:55'),
(3511, 69, 23, '', '2025-06-05 03:05:55'),
(3512, 69, 16, '', '2025-06-05 03:05:55'),
(3513, 69, 8, '', '2025-06-05 03:05:55'),
(3514, 69, 1, '', '2025-06-05 03:05:55'),
(3515, 69, 19, '', '2025-06-05 03:05:55'),
(3516, 69, 2, '', '2025-06-05 03:05:55'),
(3517, 69, 19, '', '2025-06-05 03:05:55'),
(3518, 69, 1, '', '2025-06-05 03:05:55'),
(3519, 69, 5, '', '2025-06-05 03:05:55'),
(3520, 69, 15, '', '2025-06-05 03:05:55'),
(3521, 69, 2, '', '2025-06-05 03:05:55'),
(3522, 69, 8, '', '2025-06-05 03:05:55'),
(3523, 69, 10, '', '2025-06-05 03:05:55'),
(3524, 69, 9, '', '2025-06-05 03:05:55'),
(3525, 69, 14, '', '2025-06-05 03:05:55'),
(3526, 69, 19, '', '2025-06-05 03:05:55'),
(3527, 69, 18, '', '2025-06-05 03:05:55'),
(3528, 69, 14, '', '2025-06-05 03:05:55'),
(3529, 69, 14, '', '2025-06-05 03:05:55'),
(3530, 69, 14, '', '2025-06-05 03:05:55'),
(3531, 69, 10, '', '2025-06-05 03:05:55'),
(3532, 69, 15, '', '2025-06-05 03:05:55'),
(3533, 69, 19, '', '2025-06-05 03:05:55'),
(3534, 69, 17, '', '2025-06-05 03:05:55'),
(3535, 69, 4, '', '2025-06-05 03:05:55'),
(3536, 69, 17, '', '2025-06-05 03:05:55'),
(3537, 69, 15, '', '2025-06-05 03:05:55'),
(3538, 69, 1, '', '2025-06-05 03:05:55'),
(3539, 69, 21, '', '2025-06-05 03:05:55'),
(3540, 69, 22, '', '2025-06-05 03:05:55'),
(3541, 69, 16, '', '2025-06-05 03:05:55'),
(3542, 69, 23, '', '2025-06-05 03:05:55'),
(3543, 69, 10, '', '2025-06-05 03:05:55'),
(3544, 69, 1, '', '2025-06-05 03:05:55'),
(3545, 69, 12, '', '2025-06-05 03:05:55'),
(3546, 69, 7, '', '2025-06-05 03:05:55'),
(3547, 69, 1, '', '2025-06-05 03:05:55'),
(3548, 69, 23, '', '2025-06-05 03:05:55'),
(3549, 69, 15, '', '2025-06-05 03:05:55'),
(3550, 70, 21, '', '2025-06-05 03:05:55'),
(3551, 70, 20, '', '2025-06-05 03:05:55'),
(3552, 70, 22, '', '2025-06-05 03:05:55'),
(3553, 70, 6, '', '2025-06-05 03:05:55'),
(3554, 70, 10, '', '2025-06-05 03:05:55'),
(3555, 70, 9, '', '2025-06-05 03:05:55'),
(3556, 70, 7, '', '2025-06-05 03:05:55'),
(3557, 70, 16, '', '2025-06-05 03:05:55'),
(3558, 70, 7, '', '2025-06-05 03:05:55'),
(3559, 70, 9, '', '2025-06-05 03:05:55'),
(3560, 70, 9, '', '2025-06-05 03:05:55'),
(3561, 70, 18, '', '2025-06-05 03:05:55'),
(3562, 70, 21, '', '2025-06-05 03:05:55'),
(3563, 70, 12, '', '2025-06-05 03:05:55'),
(3564, 70, 21, '', '2025-06-05 03:05:55'),
(3565, 70, 9, '', '2025-06-05 03:05:55'),
(3566, 70, 16, '', '2025-06-05 03:05:55'),
(3567, 70, 1, '', '2025-06-05 03:05:55'),
(3568, 70, 14, '', '2025-06-05 03:05:55'),
(3569, 70, 1, '', '2025-06-05 03:05:55'),
(3570, 70, 23, '', '2025-06-05 03:05:55'),
(3571, 70, 4, '', '2025-06-05 03:05:55'),
(3572, 70, 21, '', '2025-06-05 03:05:55'),
(3573, 70, 7, '', '2025-06-05 03:05:55'),
(3574, 70, 23, '', '2025-06-05 03:05:55'),
(3575, 71, 1, '', '2025-06-05 03:05:55'),
(3576, 71, 8, '', '2025-06-05 03:05:55'),
(3577, 71, 15, '', '2025-06-05 03:05:55'),
(3578, 71, 1, '', '2025-06-05 03:05:55'),
(3579, 71, 4, '', '2025-06-05 03:05:55'),
(3580, 71, 8, '', '2025-06-05 03:05:55'),
(3581, 71, 5, '', '2025-06-05 03:05:55'),
(3582, 71, 11, '', '2025-06-05 03:05:55'),
(3583, 71, 11, '', '2025-06-05 03:05:55'),
(3584, 71, 4, '', '2025-06-05 03:05:55'),
(3585, 71, 12, '', '2025-06-05 03:05:55'),
(3586, 71, 2, '', '2025-06-05 03:05:55'),
(3587, 71, 14, '', '2025-06-05 03:05:55'),
(3588, 71, 19, '', '2025-06-05 03:05:55'),
(3589, 71, 6, '', '2025-06-05 03:05:55'),
(3590, 71, 8, '', '2025-06-05 03:05:55'),
(3591, 71, 16, '', '2025-06-05 03:05:55'),
(3592, 71, 16, '', '2025-06-05 03:05:55'),
(3593, 71, 15, '', '2025-06-05 03:05:55'),
(3594, 71, 11, '', '2025-06-05 03:05:55'),
(3595, 71, 22, '', '2025-06-05 03:05:55'),
(3596, 71, 19, '', '2025-06-05 03:05:55'),
(3597, 72, 17, '', '2025-06-05 03:05:55'),
(3598, 72, 14, '', '2025-06-05 03:05:55'),
(3599, 72, 4, '', '2025-06-05 03:05:55'),
(3600, 72, 16, '', '2025-06-05 03:05:55'),
(3601, 72, 6, '', '2025-06-05 03:05:55'),
(3602, 72, 7, '', '2025-06-05 03:05:55'),
(3603, 72, 18, '', '2025-06-05 03:05:55'),
(3604, 72, 8, '', '2025-06-05 03:05:55'),
(3605, 72, 18, '', '2025-06-05 03:05:55'),
(3606, 72, 21, '', '2025-06-05 03:05:55'),
(3607, 72, 16, '', '2025-06-05 03:05:55'),
(3608, 72, 22, '', '2025-06-05 03:05:55'),
(3609, 72, 15, '', '2025-06-05 03:05:55'),
(3610, 72, 20, '', '2025-06-05 03:05:55'),
(3611, 72, 18, '', '2025-06-05 03:05:55'),
(3612, 72, 4, '', '2025-06-05 03:05:55'),
(3613, 72, 4, '', '2025-06-05 03:05:55'),
(3614, 72, 1, '', '2025-06-05 03:05:55'),
(3615, 72, 6, '', '2025-06-05 03:05:55'),
(3616, 72, 11, '', '2025-06-05 03:05:55'),
(3617, 72, 1, '', '2025-06-05 03:05:55'),
(3618, 72, 12, '', '2025-06-05 03:05:55'),
(3619, 72, 20, '', '2025-06-05 03:05:55'),
(3620, 72, 16, '', '2025-06-05 03:05:55'),
(3621, 72, 19, '', '2025-06-05 03:05:55'),
(3622, 72, 16, '', '2025-06-05 03:05:55'),
(3623, 72, 10, '', '2025-06-05 03:05:55'),
(3624, 72, 13, '', '2025-06-05 03:05:55'),
(3625, 72, 1, '', '2025-06-05 03:05:55'),
(3626, 72, 23, '', '2025-06-05 03:05:55'),
(3627, 72, 15, '', '2025-06-05 03:05:55'),
(3628, 72, 1, '', '2025-06-05 03:05:55'),
(3629, 72, 15, '', '2025-06-05 03:05:55'),
(3630, 72, 16, '', '2025-06-05 03:05:55'),
(3631, 72, 14, '', '2025-06-05 03:05:55'),
(3632, 72, 15, '', '2025-06-05 03:05:55'),
(3633, 72, 8, '', '2025-06-05 03:05:55'),
(3634, 72, 14, '', '2025-06-05 03:05:55'),
(3635, 72, 13, '', '2025-06-05 03:05:55'),
(3636, 72, 19, '', '2025-06-05 03:05:55'),
(3637, 72, 13, '', '2025-06-05 03:05:55'),
(3638, 72, 13, '', '2025-06-05 03:05:55'),
(3639, 72, 18, '', '2025-06-05 03:05:55'),
(3640, 72, 6, '', '2025-06-05 03:05:55'),
(3641, 72, 12, '', '2025-06-05 03:05:55'),
(3642, 96, 16, '', '2025-06-05 03:05:55'),
(3643, 96, 10, '', '2025-06-05 03:05:55'),
(3644, 96, 20, '', '2025-06-05 03:05:55'),
(3645, 96, 7, '', '2025-06-05 03:05:55'),
(3646, 96, 10, '', '2025-06-05 03:05:55'),
(3647, 96, 23, '', '2025-06-05 03:05:55'),
(3648, 96, 1, '', '2025-06-05 03:05:55'),
(3649, 96, 2, '', '2025-06-05 03:05:55'),
(3650, 96, 10, '', '2025-06-05 03:05:55'),
(3651, 96, 6, '', '2025-06-05 03:05:55'),
(3652, 96, 18, '', '2025-06-05 03:05:55'),
(3653, 96, 1, '', '2025-06-05 03:05:55'),
(3654, 96, 16, '', '2025-06-05 03:05:55'),
(3655, 96, 6, '', '2025-06-05 03:05:55'),
(3656, 96, 9, '', '2025-06-05 03:05:55'),
(3657, 96, 18, '', '2025-06-05 03:05:55'),
(3658, 96, 22, '', '2025-06-05 03:05:55'),
(3659, 96, 8, '', '2025-06-05 03:05:55'),
(3660, 96, 7, '', '2025-06-05 03:05:55'),
(3661, 96, 15, '', '2025-06-05 03:05:55'),
(3662, 96, 19, '', '2025-06-05 03:05:55'),
(3663, 96, 18, '', '2025-06-05 03:05:55'),
(3664, 96, 6, '', '2025-06-05 03:05:55'),
(3665, 96, 12, '', '2025-06-05 03:05:55'),
(3666, 96, 13, '', '2025-06-05 03:05:55'),
(3667, 96, 13, '', '2025-06-05 03:05:55'),
(3668, 96, 1, '', '2025-06-05 03:05:55'),
(3669, 96, 17, '', '2025-06-05 03:05:55'),
(3670, 96, 15, '', '2025-06-05 03:05:55'),
(3671, 96, 10, '', '2025-06-05 03:05:55'),
(3672, 96, 16, '', '2025-06-05 03:05:55'),
(3673, 96, 23, '', '2025-06-05 03:05:55'),
(3674, 96, 2, '', '2025-06-05 03:05:55'),
(3675, 96, 6, '', '2025-06-05 03:05:55'),
(3676, 96, 16, '', '2025-06-05 03:05:55'),
(3677, 96, 22, '', '2025-06-05 03:05:55'),
(3678, 96, 12, '', '2025-06-05 03:05:55'),
(3679, 96, 4, '', '2025-06-05 03:05:55'),
(3680, 96, 4, '', '2025-06-05 03:05:55'),
(3681, 96, 2, '', '2025-06-05 03:05:55'),
(3682, 96, 4, '', '2025-06-05 03:05:55'),
(3683, 96, 4, '', '2025-06-05 03:05:55'),
(3684, 96, 9, '', '2025-06-05 03:05:55'),
(3685, 96, 10, '', '2025-06-05 03:05:55'),
(3686, 96, 12, '', '2025-06-05 03:05:55'),
(3687, 96, 18, '', '2025-06-05 03:05:55'),
(3688, 96, 22, '', '2025-06-05 03:05:55'),
(3689, 96, 7, '', '2025-06-05 03:05:55'),
(3690, 96, 2, '', '2025-06-05 03:05:55'),
(3691, 97, 11, '', '2025-06-05 03:05:55'),
(3692, 97, 13, '', '2025-06-05 03:05:55'),
(3693, 97, 23, '', '2025-06-05 03:05:55'),
(3694, 97, 9, '', '2025-06-05 03:05:55'),
(3695, 97, 24, '', '2025-06-05 03:05:55'),
(3696, 97, 6, '', '2025-06-05 03:05:55'),
(3697, 97, 20, '', '2025-06-05 03:05:55'),
(3698, 97, 12, '', '2025-06-05 03:05:55'),
(3699, 97, 21, '', '2025-06-05 03:05:55'),
(3700, 97, 19, '', '2025-06-05 03:05:55'),
(3701, 97, 8, '', '2025-06-05 03:05:55'),
(3702, 97, 11, '', '2025-06-05 03:05:55'),
(3703, 97, 20, '', '2025-06-05 03:05:55'),
(3704, 97, 15, '', '2025-06-05 03:05:55'),
(3705, 97, 24, '', '2025-06-05 03:05:55'),
(3706, 97, 14, '', '2025-06-05 03:05:55'),
(3707, 97, 9, '', '2025-06-05 03:05:55'),
(3708, 97, 18, '', '2025-06-05 03:05:55'),
(3709, 97, 10, '', '2025-06-05 03:05:55'),
(3710, 97, 17, '', '2025-06-05 03:05:55'),
(3711, 97, 12, '', '2025-06-05 03:05:55'),
(3712, 97, 24, '', '2025-06-05 03:05:55'),
(3713, 97, 2, '', '2025-06-05 03:05:55'),
(3714, 97, 11, '', '2025-06-05 03:05:55'),
(3715, 98, 19, '', '2025-06-05 03:05:55'),
(3716, 98, 2, '', '2025-06-05 03:05:55'),
(3717, 98, 15, '', '2025-06-05 03:05:55'),
(3718, 98, 15, '', '2025-06-05 03:05:55'),
(3719, 98, 19, '', '2025-06-05 03:05:55'),
(3720, 98, 16, '', '2025-06-05 03:05:55'),
(3721, 98, 19, '', '2025-06-05 03:05:55'),
(3722, 98, 22, '', '2025-06-05 03:05:55'),
(3723, 98, 2, '', '2025-06-05 03:05:55'),
(3724, 98, 24, '', '2025-06-05 03:05:55'),
(3725, 98, 13, '', '2025-06-05 03:05:55'),
(3726, 98, 5, '', '2025-06-05 03:05:55'),
(3727, 98, 11, '', '2025-06-05 03:05:55'),
(3728, 98, 18, '', '2025-06-05 03:05:55'),
(3729, 98, 18, '', '2025-06-05 03:05:55'),
(3730, 98, 18, '', '2025-06-05 03:05:55'),
(3731, 98, 14, '', '2025-06-05 03:05:55'),
(3732, 98, 16, '', '2025-06-05 03:05:55'),
(3733, 98, 20, '', '2025-06-05 03:05:55'),
(3734, 98, 8, '', '2025-06-05 03:05:55'),
(3735, 98, 12, '', '2025-06-05 03:05:55'),
(3736, 98, 20, '', '2025-06-05 03:05:55'),
(3737, 98, 11, '', '2025-06-05 03:05:55'),
(3738, 98, 7, '', '2025-06-05 03:05:55'),
(3739, 98, 10, '', '2025-06-05 03:05:55'),
(3740, 98, 12, '', '2025-06-05 03:05:55'),
(3741, 98, 18, '', '2025-06-05 03:05:55'),
(3742, 98, 23, '', '2025-06-05 03:05:55'),
(3743, 98, 10, '', '2025-06-05 03:05:55'),
(3744, 98, 23, '', '2025-06-05 03:05:55'),
(3745, 98, 16, '', '2025-06-05 03:05:55'),
(3746, 98, 14, '', '2025-06-05 03:05:55'),
(3747, 98, 22, '', '2025-06-05 03:05:55'),
(3748, 98, 23, '', '2025-06-05 03:05:55'),
(3749, 98, 16, '', '2025-06-05 03:05:55'),
(3750, 99, 10, '', '2025-06-05 03:05:55'),
(3751, 99, 19, '', '2025-06-05 03:05:55'),
(3752, 99, 10, '', '2025-06-05 03:05:55'),
(3753, 99, 16, '', '2025-06-05 03:05:55'),
(3754, 99, 1, '', '2025-06-05 03:05:55'),
(3755, 99, 4, '', '2025-06-05 03:05:55'),
(3756, 99, 4, '', '2025-06-05 03:05:55'),
(3757, 99, 17, '', '2025-06-05 03:05:55'),
(3758, 99, 15, '', '2025-06-05 03:05:55'),
(3759, 99, 6, '', '2025-06-05 03:05:55'),
(3760, 99, 4, '', '2025-06-05 03:05:55'),
(3761, 99, 19, '', '2025-06-05 03:05:55'),
(3762, 99, 22, '', '2025-06-05 03:05:55'),
(3763, 99, 16, '', '2025-06-05 03:05:55'),
(3764, 99, 2, '', '2025-06-05 03:05:55'),
(3765, 99, 17, '', '2025-06-05 03:05:55'),
(3766, 99, 17, '', '2025-06-05 03:05:55'),
(3767, 99, 8, '', '2025-06-05 03:05:55'),
(3768, 99, 5, '', '2025-06-05 03:05:55'),
(3769, 99, 12, '', '2025-06-05 03:05:55'),
(3770, 99, 11, '', '2025-06-05 03:05:55'),
(3771, 99, 21, '', '2025-06-05 03:05:55'),
(3772, 99, 10, '', '2025-06-05 03:05:55'),
(3773, 99, 4, '', '2025-06-05 03:05:55'),
(3774, 99, 17, '', '2025-06-05 03:05:55'),
(3775, 99, 16, '', '2025-06-05 03:05:55'),
(3776, 99, 23, '', '2025-06-05 03:05:55'),
(3777, 99, 9, '', '2025-06-05 03:05:55'),
(3778, 99, 20, '', '2025-06-05 03:05:55'),
(3779, 99, 24, '', '2025-06-05 03:05:55'),
(3780, 99, 24, '', '2025-06-05 03:05:55'),
(3781, 99, 10, '', '2025-06-05 03:05:55'),
(3782, 99, 22, '', '2025-06-05 03:05:55'),
(3783, 99, 18, '', '2025-06-05 03:05:55'),
(3784, 99, 10, '', '2025-06-05 03:05:55'),
(3785, 99, 12, '', '2025-06-05 03:05:55'),
(3786, 99, 23, '', '2025-06-05 03:05:55'),
(3787, 99, 5, '', '2025-06-05 03:05:55'),
(3788, 99, 23, '', '2025-06-05 03:05:55'),
(3789, 99, 8, '', '2025-06-05 03:05:55'),
(3790, 99, 12, '', '2025-06-05 03:05:55'),
(3791, 99, 20, '', '2025-06-05 03:05:55'),
(3792, 99, 10, '', '2025-06-05 03:05:55'),
(3793, 99, 19, '', '2025-06-05 03:05:55'),
(3794, 99, 15, '', '2025-06-05 03:05:55'),
(3795, 99, 22, '', '2025-06-05 03:05:55'),
(3796, 99, 19, '', '2025-06-05 03:05:55'),
(3797, 99, 9, '', '2025-06-05 03:05:55'),
(3798, 99, 2, '', '2025-06-05 03:05:55'),
(3799, 99, 17, '', '2025-06-05 03:05:55'),
(3800, 100, 23, '', '2025-06-05 03:05:55'),
(3801, 100, 1, '', '2025-06-05 03:05:55'),
(3802, 100, 9, '', '2025-06-05 03:05:55'),
(3803, 100, 5, '', '2025-06-05 03:05:55'),
(3804, 100, 17, '', '2025-06-05 03:05:55'),
(3805, 100, 23, '', '2025-06-05 03:05:55'),
(3806, 100, 2, '', '2025-06-05 03:05:55'),
(3807, 100, 22, '', '2025-06-05 03:05:55'),
(3808, 100, 15, '', '2025-06-05 03:05:55'),
(3809, 100, 23, '', '2025-06-05 03:05:55'),
(3810, 100, 20, '', '2025-06-05 03:05:55'),
(3811, 100, 17, '', '2025-06-05 03:05:55'),
(3812, 100, 6, '', '2025-06-05 03:05:55'),
(3813, 100, 10, '', '2025-06-05 03:05:55'),
(3814, 100, 5, '', '2025-06-05 03:05:55'),
(3815, 100, 24, '', '2025-06-05 03:05:55'),
(3816, 100, 7, '', '2025-06-05 03:05:55'),
(3817, 100, 19, '', '2025-06-05 03:05:55'),
(3818, 100, 6, '', '2025-06-05 03:05:55'),
(3819, 100, 7, '', '2025-06-05 03:05:55'),
(3820, 100, 13, '', '2025-06-05 03:05:55'),
(3821, 100, 11, '', '2025-06-05 03:05:55'),
(3822, 101, 23, '', '2025-06-05 03:05:55'),
(3823, 101, 16, '', '2025-06-05 03:05:55'),
(3824, 101, 8, '', '2025-06-05 03:05:55'),
(3825, 101, 7, '', '2025-06-05 03:05:55'),
(3826, 101, 15, '', '2025-06-05 03:05:55'),
(3827, 101, 16, '', '2025-06-05 03:05:55'),
(3828, 101, 12, '', '2025-06-05 03:05:55'),
(3829, 101, 1, '', '2025-06-05 03:05:55'),
(3830, 101, 2, '', '2025-06-05 03:05:55'),
(3831, 101, 10, '', '2025-06-05 03:05:55'),
(3832, 101, 11, '', '2025-06-05 03:05:55'),
(3833, 101, 9, '', '2025-06-05 03:05:55'),
(3834, 101, 6, '', '2025-06-05 03:05:55'),
(3835, 101, 24, '', '2025-06-05 03:05:55'),
(3836, 101, 22, '', '2025-06-05 03:05:55'),
(3837, 101, 11, '', '2025-06-05 03:05:55'),
(3838, 101, 22, '', '2025-06-05 03:05:55'),
(3839, 101, 16, '', '2025-06-05 03:05:55'),
(3840, 101, 18, '', '2025-06-05 03:05:55'),
(3841, 101, 12, '', '2025-06-05 03:05:55'),
(3842, 101, 6, '', '2025-06-05 03:05:55'),
(3843, 101, 19, '', '2025-06-05 03:05:55'),
(3844, 101, 21, '', '2025-06-05 03:05:55'),
(3845, 101, 12, '', '2025-06-05 03:05:55'),
(3846, 101, 21, '', '2025-06-05 03:05:55'),
(3847, 101, 15, '', '2025-06-05 03:05:55'),
(3848, 101, 2, '', '2025-06-05 03:05:55'),
(3849, 101, 1, '', '2025-06-05 03:05:55'),
(3850, 101, 11, '', '2025-06-05 03:05:55'),
(3851, 101, 23, '', '2025-06-05 03:05:55'),
(3852, 101, 13, '', '2025-06-05 03:05:55'),
(3853, 101, 12, '', '2025-06-05 03:05:55'),
(3854, 101, 17, '', '2025-06-05 03:05:55'),
(3855, 101, 2, '', '2025-06-05 03:05:55'),
(3856, 101, 14, '', '2025-06-05 03:05:55'),
(3857, 101, 10, '', '2025-06-05 03:05:55'),
(3858, 101, 8, '', '2025-06-05 03:05:55'),
(3859, 101, 19, '', '2025-06-05 03:05:55'),
(3860, 101, 19, '', '2025-06-05 03:05:55'),
(3861, 101, 8, '', '2025-06-05 03:05:55'),
(3862, 101, 9, '', '2025-06-05 03:05:55'),
(3863, 101, 13, '', '2025-06-05 03:05:55'),
(3864, 101, 18, '', '2025-06-05 03:05:55'),
(3865, 101, 15, '', '2025-06-05 03:05:55'),
(3866, 101, 17, '', '2025-06-05 03:05:55'),
(3867, 101, 15, '', '2025-06-05 03:05:55'),
(3868, 101, 11, '', '2025-06-05 03:05:55'),
(3869, 101, 14, '', '2025-06-05 03:05:55'),
(3870, 101, 14, '', '2025-06-05 03:05:55'),
(3871, 101, 18, '', '2025-06-05 03:05:55'),
(3872, 73, 5, '', '2025-06-05 03:05:55'),
(3873, 73, 4, '', '2025-06-05 03:05:55'),
(3874, 73, 18, '', '2025-06-05 03:05:55'),
(3875, 73, 21, '', '2025-06-05 03:05:55'),
(3876, 73, 23, '', '2025-06-05 03:05:55'),
(3877, 73, 23, '', '2025-06-05 03:05:55'),
(3878, 73, 6, '', '2025-06-05 03:05:55'),
(3879, 73, 15, '', '2025-06-05 03:05:55'),
(3880, 73, 16, '', '2025-06-05 03:05:55'),
(3881, 73, 1, '', '2025-06-05 03:05:55'),
(3882, 73, 8, '', '2025-06-05 03:05:55'),
(3883, 73, 8, '', '2025-06-05 03:05:55'),
(3884, 73, 23, '', '2025-06-05 03:05:55'),
(3885, 73, 20, '', '2025-06-05 03:05:55'),
(3886, 73, 9, '', '2025-06-05 03:05:55'),
(3887, 73, 11, '', '2025-06-05 03:05:55'),
(3888, 73, 1, '', '2025-06-05 03:05:55'),
(3889, 73, 4, '', '2025-06-05 03:05:55'),
(3890, 73, 12, '', '2025-06-05 03:05:55'),
(3891, 73, 11, '', '2025-06-05 03:05:55'),
(3892, 73, 12, '', '2025-06-05 03:05:55'),
(3893, 73, 6, '', '2025-06-05 03:05:55'),
(3894, 73, 5, '', '2025-06-05 03:05:55'),
(3895, 73, 15, '', '2025-06-05 03:05:55'),
(3896, 73, 1, '', '2025-06-05 03:05:55'),
(3897, 73, 8, '', '2025-06-05 03:05:55'),
(3898, 73, 15, '', '2025-06-05 03:05:55'),
(3899, 74, 22, '', '2025-06-05 03:05:55'),
(3900, 74, 20, '', '2025-06-05 03:05:55'),
(3901, 74, 18, '', '2025-06-05 03:05:55'),
(3902, 74, 21, '', '2025-06-05 03:05:55'),
(3903, 74, 20, '', '2025-06-05 03:05:55'),
(3904, 74, 23, '', '2025-06-05 03:05:55'),
(3905, 74, 19, '', '2025-06-05 03:05:55'),
(3906, 74, 16, '', '2025-06-05 03:05:55'),
(3907, 74, 12, '', '2025-06-05 03:05:55'),
(3908, 74, 11, '', '2025-06-05 03:05:55'),
(3909, 74, 24, '', '2025-06-05 03:05:55'),
(3910, 74, 17, '', '2025-06-05 03:05:55'),
(3911, 74, 1, '', '2025-06-05 03:05:55'),
(3912, 74, 11, '', '2025-06-05 03:05:55'),
(3913, 74, 5, '', '2025-06-05 03:05:55'),
(3914, 74, 16, '', '2025-06-05 03:05:55'),
(3915, 74, 12, '', '2025-06-05 03:05:55');
INSERT INTO `post_views` (`id`, `post_id`, `user_id`, `ip_address`, `viewed_at`) VALUES
(3916, 74, 6, '', '2025-06-05 03:05:55'),
(3917, 74, 19, '', '2025-06-05 03:05:55'),
(3918, 74, 24, '', '2025-06-05 03:05:55'),
(3919, 74, 10, '', '2025-06-05 03:05:55'),
(3920, 74, 9, '', '2025-06-05 03:05:55'),
(3921, 74, 21, '', '2025-06-05 03:05:55'),
(3922, 74, 24, '', '2025-06-05 03:05:55'),
(3923, 74, 7, '', '2025-06-05 03:05:55'),
(3924, 74, 22, '', '2025-06-05 03:05:55'),
(3925, 74, 19, '', '2025-06-05 03:05:55'),
(3926, 74, 5, '', '2025-06-05 03:05:55'),
(3927, 74, 14, '', '2025-06-05 03:05:55'),
(3928, 74, 19, '', '2025-06-05 03:05:55'),
(3929, 74, 19, '', '2025-06-05 03:05:55'),
(3930, 74, 20, '', '2025-06-05 03:05:55'),
(3931, 74, 4, '', '2025-06-05 03:05:55'),
(3932, 74, 18, '', '2025-06-05 03:05:55'),
(3933, 74, 17, '', '2025-06-05 03:05:55'),
(3934, 74, 11, '', '2025-06-05 03:05:55'),
(3935, 74, 8, '', '2025-06-05 03:05:55'),
(3936, 75, 11, '', '2025-06-05 03:05:55'),
(3937, 75, 18, '', '2025-06-05 03:05:55'),
(3938, 75, 22, '', '2025-06-05 03:05:55'),
(3939, 75, 18, '', '2025-06-05 03:05:55'),
(3940, 75, 9, '', '2025-06-05 03:05:55'),
(3941, 75, 24, '', '2025-06-05 03:05:55'),
(3942, 75, 23, '', '2025-06-05 03:05:55'),
(3943, 75, 6, '', '2025-06-05 03:05:55'),
(3944, 75, 19, '', '2025-06-05 03:05:55'),
(3945, 75, 5, '', '2025-06-05 03:05:55'),
(3946, 75, 4, '', '2025-06-05 03:05:55'),
(3947, 75, 10, '', '2025-06-05 03:05:55'),
(3948, 75, 12, '', '2025-06-05 03:05:55'),
(3949, 75, 17, '', '2025-06-05 03:05:55'),
(3950, 75, 9, '', '2025-06-05 03:05:55'),
(3951, 75, 13, '', '2025-06-05 03:05:55'),
(3952, 75, 9, '', '2025-06-05 03:05:55'),
(3953, 75, 21, '', '2025-06-05 03:05:55'),
(3954, 75, 17, '', '2025-06-05 03:05:55'),
(3955, 75, 13, '', '2025-06-05 03:05:55'),
(3956, 75, 9, '', '2025-06-05 03:05:55'),
(3957, 75, 20, '', '2025-06-05 03:05:55'),
(3958, 75, 15, '', '2025-06-05 03:05:55'),
(3959, 75, 19, '', '2025-06-05 03:05:55'),
(3960, 75, 24, '', '2025-06-05 03:05:55'),
(3961, 75, 20, '', '2025-06-05 03:05:55'),
(3962, 75, 5, '', '2025-06-05 03:05:55'),
(3963, 75, 15, '', '2025-06-05 03:05:55'),
(3964, 75, 2, '', '2025-06-05 03:05:55'),
(3965, 75, 5, '', '2025-06-05 03:05:55'),
(3966, 75, 20, '', '2025-06-05 03:05:55'),
(3967, 75, 22, '', '2025-06-05 03:05:55'),
(3968, 75, 13, '', '2025-06-05 03:05:55'),
(3969, 75, 17, '', '2025-06-05 03:05:55'),
(3970, 75, 15, '', '2025-06-05 03:05:55'),
(3971, 75, 16, '', '2025-06-05 03:05:55'),
(3972, 75, 10, '', '2025-06-05 03:05:55'),
(3973, 75, 10, '', '2025-06-05 03:05:55'),
(3974, 75, 18, '', '2025-06-05 03:05:55'),
(3975, 75, 16, '', '2025-06-05 03:05:55'),
(3976, 75, 12, '', '2025-06-05 03:05:55'),
(3977, 75, 11, '', '2025-06-05 03:05:55'),
(3978, 75, 24, '', '2025-06-05 03:05:55'),
(3979, 75, 24, '', '2025-06-05 03:05:55'),
(3980, 75, 9, '', '2025-06-05 03:05:55'),
(3981, 75, 9, '', '2025-06-05 03:05:55'),
(3982, 75, 7, '', '2025-06-05 03:05:55'),
(3983, 75, 24, '', '2025-06-05 03:05:55'),
(3984, 76, 6, '', '2025-06-05 03:05:55'),
(3985, 76, 17, '', '2025-06-05 03:05:55'),
(3986, 76, 23, '', '2025-06-05 03:05:55'),
(3987, 76, 11, '', '2025-06-05 03:05:55'),
(3988, 76, 4, '', '2025-06-05 03:05:55'),
(3989, 76, 10, '', '2025-06-05 03:05:55'),
(3990, 76, 13, '', '2025-06-05 03:05:55'),
(3991, 76, 10, '', '2025-06-05 03:05:55'),
(3992, 76, 1, '', '2025-06-05 03:05:55'),
(3993, 76, 8, '', '2025-06-05 03:05:55'),
(3994, 76, 10, '', '2025-06-05 03:05:55'),
(3995, 76, 13, '', '2025-06-05 03:05:55'),
(3996, 76, 4, '', '2025-06-05 03:05:55'),
(3997, 76, 4, '', '2025-06-05 03:05:55'),
(3998, 76, 23, '', '2025-06-05 03:05:55'),
(3999, 76, 18, '', '2025-06-05 03:05:55'),
(4000, 76, 5, '', '2025-06-05 03:05:55'),
(4001, 76, 12, '', '2025-06-05 03:05:55'),
(4002, 76, 5, '', '2025-06-05 03:05:55'),
(4003, 76, 1, '', '2025-06-05 03:05:55'),
(4004, 76, 6, '', '2025-06-05 03:05:55'),
(4005, 76, 22, '', '2025-06-05 03:05:55'),
(4006, 76, 1, '', '2025-06-05 03:05:55'),
(4007, 76, 1, '', '2025-06-05 03:05:55'),
(4008, 76, 7, '', '2025-06-05 03:05:55'),
(4009, 76, 17, '', '2025-06-05 03:05:55'),
(4010, 76, 5, '', '2025-06-05 03:05:55'),
(4011, 76, 14, '', '2025-06-05 03:05:55'),
(4012, 76, 16, '', '2025-06-05 03:05:55'),
(4013, 76, 11, '', '2025-06-05 03:05:55'),
(4014, 76, 18, '', '2025-06-05 03:05:55'),
(4015, 76, 5, '', '2025-06-05 03:05:55'),
(4016, 76, 10, '', '2025-06-05 03:05:55'),
(4017, 76, 19, '', '2025-06-05 03:05:55'),
(4018, 76, 1, '', '2025-06-05 03:05:55'),
(4019, 76, 18, '', '2025-06-05 03:05:55'),
(4020, 76, 23, '', '2025-06-05 03:05:55'),
(4021, 76, 2, '', '2025-06-05 03:05:55'),
(4022, 76, 21, '', '2025-06-05 03:05:55'),
(4023, 76, 16, '', '2025-06-05 03:05:55'),
(4024, 77, 4, '', '2025-06-05 03:05:55'),
(4025, 77, 8, '', '2025-06-05 03:05:55'),
(4026, 77, 5, '', '2025-06-05 03:05:55'),
(4027, 77, 11, '', '2025-06-05 03:05:55'),
(4028, 77, 4, '', '2025-06-05 03:05:55'),
(4029, 77, 5, '', '2025-06-05 03:05:55'),
(4030, 77, 23, '', '2025-06-05 03:05:55'),
(4031, 77, 12, '', '2025-06-05 03:05:55'),
(4032, 77, 23, '', '2025-06-05 03:05:55'),
(4033, 77, 15, '', '2025-06-05 03:05:55'),
(4034, 77, 18, '', '2025-06-05 03:05:55'),
(4035, 77, 17, '', '2025-06-05 03:05:55'),
(4036, 77, 12, '', '2025-06-05 03:05:55'),
(4037, 77, 13, '', '2025-06-05 03:05:55'),
(4038, 77, 21, '', '2025-06-05 03:05:55'),
(4039, 77, 15, '', '2025-06-05 03:05:55'),
(4040, 77, 16, '', '2025-06-05 03:05:55'),
(4041, 77, 2, '', '2025-06-05 03:05:55'),
(4042, 77, 11, '', '2025-06-05 03:05:55'),
(4043, 77, 12, '', '2025-06-05 03:05:55'),
(4044, 77, 14, '', '2025-06-05 03:05:55'),
(4045, 77, 8, '', '2025-06-05 03:05:55'),
(4046, 77, 12, '', '2025-06-05 03:05:55'),
(4047, 77, 15, '', '2025-06-05 03:05:55'),
(4048, 77, 2, '', '2025-06-05 03:05:55'),
(4049, 77, 2, '', '2025-06-05 03:05:55'),
(4050, 77, 15, '', '2025-06-05 03:05:55'),
(4051, 77, 19, '', '2025-06-05 03:05:55'),
(4052, 78, 2, '', '2025-06-05 03:05:55'),
(4053, 78, 9, '', '2025-06-05 03:05:55'),
(4054, 78, 9, '', '2025-06-05 03:05:55'),
(4055, 78, 5, '', '2025-06-05 03:05:55'),
(4056, 78, 5, '', '2025-06-05 03:05:55'),
(4057, 78, 4, '', '2025-06-05 03:05:55'),
(4058, 78, 7, '', '2025-06-05 03:05:55'),
(4059, 78, 24, '', '2025-06-05 03:05:55'),
(4060, 78, 7, '', '2025-06-05 03:05:55'),
(4061, 78, 5, '', '2025-06-05 03:05:55'),
(4062, 78, 6, '', '2025-06-05 03:05:55'),
(4063, 78, 14, '', '2025-06-05 03:05:55'),
(4064, 78, 13, '', '2025-06-05 03:05:55'),
(4065, 78, 14, '', '2025-06-05 03:05:55'),
(4066, 78, 20, '', '2025-06-05 03:05:55'),
(4067, 78, 20, '', '2025-06-05 03:05:55'),
(4068, 78, 24, '', '2025-06-05 03:05:55'),
(4069, 78, 10, '', '2025-06-05 03:05:55'),
(4070, 78, 20, '', '2025-06-05 03:05:55'),
(4071, 78, 11, '', '2025-06-05 03:05:55'),
(4072, 78, 7, '', '2025-06-05 03:05:55'),
(4073, 144, 18, '', '2025-06-05 03:05:55'),
(4074, 144, 12, '', '2025-06-05 03:05:55'),
(4075, 144, 23, '', '2025-06-05 03:05:55'),
(4076, 144, 1, '', '2025-06-05 03:05:55'),
(4077, 144, 5, '', '2025-06-05 03:05:55'),
(4078, 144, 22, '', '2025-06-05 03:05:55'),
(4079, 144, 2, '', '2025-06-05 03:05:55'),
(4080, 144, 15, '', '2025-06-05 03:05:55'),
(4081, 144, 14, '', '2025-06-05 03:05:55'),
(4082, 144, 24, '', '2025-06-05 03:05:55'),
(4083, 144, 1, '', '2025-06-05 03:05:55'),
(4084, 144, 24, '', '2025-06-05 03:05:55'),
(4085, 144, 2, '', '2025-06-05 03:05:55'),
(4086, 144, 2, '', '2025-06-05 03:05:55'),
(4087, 144, 6, '', '2025-06-05 03:05:55'),
(4088, 144, 12, '', '2025-06-05 03:05:55'),
(4089, 144, 5, '', '2025-06-05 03:05:55'),
(4090, 144, 23, '', '2025-06-05 03:05:55'),
(4091, 144, 6, '', '2025-06-05 03:05:55'),
(4092, 144, 15, '', '2025-06-05 03:05:55'),
(4093, 144, 17, '', '2025-06-05 03:05:55'),
(4094, 144, 17, '', '2025-06-05 03:05:55'),
(4095, 144, 22, '', '2025-06-05 03:05:55'),
(4096, 144, 17, '', '2025-06-05 03:05:55'),
(4097, 144, 8, '', '2025-06-05 03:05:55'),
(4098, 144, 21, '', '2025-06-05 03:05:55'),
(4099, 144, 19, '', '2025-06-05 03:05:55'),
(4100, 144, 23, '', '2025-06-05 03:05:55'),
(4101, 144, 22, '', '2025-06-05 03:05:55'),
(4102, 144, 22, '', '2025-06-05 03:05:55'),
(4103, 144, 15, '', '2025-06-05 03:05:55'),
(4104, 144, 20, '', '2025-06-05 03:05:55'),
(4105, 144, 24, '', '2025-06-05 03:05:55'),
(4106, 144, 10, '', '2025-06-05 03:05:55'),
(4107, 144, 6, '', '2025-06-05 03:05:55'),
(4108, 144, 23, '', '2025-06-05 03:05:55'),
(4109, 144, 24, '', '2025-06-05 03:05:55'),
(4110, 144, 6, '', '2025-06-05 03:05:55'),
(4111, 144, 9, '', '2025-06-05 03:05:55'),
(4112, 144, 1, '', '2025-06-05 03:05:55'),
(4113, 144, 8, '', '2025-06-05 03:05:55'),
(4114, 145, 16, '', '2025-06-05 03:05:55'),
(4115, 145, 4, '', '2025-06-05 03:05:55'),
(4116, 145, 2, '', '2025-06-05 03:05:55'),
(4117, 145, 6, '', '2025-06-05 03:05:55'),
(4118, 145, 10, '', '2025-06-05 03:05:55'),
(4119, 145, 16, '', '2025-06-05 03:05:55'),
(4120, 145, 6, '', '2025-06-05 03:05:55'),
(4121, 145, 21, '', '2025-06-05 03:05:55'),
(4122, 145, 16, '', '2025-06-05 03:05:55'),
(4123, 145, 1, '', '2025-06-05 03:05:55'),
(4124, 145, 6, '', '2025-06-05 03:05:55'),
(4125, 145, 18, '', '2025-06-05 03:05:55'),
(4126, 145, 8, '', '2025-06-05 03:05:55'),
(4127, 145, 19, '', '2025-06-05 03:05:55'),
(4128, 145, 2, '', '2025-06-05 03:05:55'),
(4129, 145, 22, '', '2025-06-05 03:05:55'),
(4130, 145, 24, '', '2025-06-05 03:05:55'),
(4131, 145, 13, '', '2025-06-05 03:05:55'),
(4132, 145, 23, '', '2025-06-05 03:05:55'),
(4133, 145, 14, '', '2025-06-05 03:05:55'),
(4134, 145, 22, '', '2025-06-05 03:05:55'),
(4135, 145, 9, '', '2025-06-05 03:05:55'),
(4136, 145, 20, '', '2025-06-05 03:05:55'),
(4137, 145, 5, '', '2025-06-05 03:05:55'),
(4138, 145, 13, '', '2025-06-05 03:05:55'),
(4139, 145, 12, '', '2025-06-05 03:05:55'),
(4140, 145, 12, '', '2025-06-05 03:05:55'),
(4141, 145, 10, '', '2025-06-05 03:05:55'),
(4142, 145, 14, '', '2025-06-05 03:05:55'),
(4143, 145, 21, '', '2025-06-05 03:05:55'),
(4144, 145, 8, '', '2025-06-05 03:05:55'),
(4145, 145, 1, '', '2025-06-05 03:05:55'),
(4146, 145, 5, '', '2025-06-05 03:05:55'),
(4147, 145, 13, '', '2025-06-05 03:05:55'),
(4148, 145, 19, '', '2025-06-05 03:05:55'),
(4149, 145, 13, '', '2025-06-05 03:05:55'),
(4150, 145, 14, '', '2025-06-05 03:05:55'),
(4151, 145, 2, '', '2025-06-05 03:05:55'),
(4152, 145, 8, '', '2025-06-05 03:05:55'),
(4153, 145, 8, '', '2025-06-05 03:05:55'),
(4154, 145, 4, '', '2025-06-05 03:05:55'),
(4155, 145, 1, '', '2025-06-05 03:05:55'),
(4156, 146, 19, '', '2025-06-05 03:05:55'),
(4157, 146, 23, '', '2025-06-05 03:05:55'),
(4158, 146, 6, '', '2025-06-05 03:05:55'),
(4159, 146, 9, '', '2025-06-05 03:05:55'),
(4160, 146, 20, '', '2025-06-05 03:05:55'),
(4161, 146, 7, '', '2025-06-05 03:05:55'),
(4162, 146, 12, '', '2025-06-05 03:05:55'),
(4163, 146, 18, '', '2025-06-05 03:05:55'),
(4164, 146, 1, '', '2025-06-05 03:05:55'),
(4165, 146, 15, '', '2025-06-05 03:05:55'),
(4166, 146, 7, '', '2025-06-05 03:05:55'),
(4167, 146, 22, '', '2025-06-05 03:05:55'),
(4168, 146, 15, '', '2025-06-05 03:05:55'),
(4169, 146, 9, '', '2025-06-05 03:05:55'),
(4170, 146, 19, '', '2025-06-05 03:05:55'),
(4171, 146, 14, '', '2025-06-05 03:05:55'),
(4172, 146, 6, '', '2025-06-05 03:05:55'),
(4173, 146, 17, '', '2025-06-05 03:05:55'),
(4174, 146, 20, '', '2025-06-05 03:05:55'),
(4175, 146, 23, '', '2025-06-05 03:05:55'),
(4176, 146, 5, '', '2025-06-05 03:05:55'),
(4177, 146, 6, '', '2025-06-05 03:05:55'),
(4178, 146, 11, '', '2025-06-05 03:05:55'),
(4179, 146, 2, '', '2025-06-05 03:05:55'),
(4180, 146, 6, '', '2025-06-05 03:05:55'),
(4181, 146, 21, '', '2025-06-05 03:05:55'),
(4182, 146, 19, '', '2025-06-05 03:05:55'),
(4183, 146, 24, '', '2025-06-05 03:05:55'),
(4184, 146, 8, '', '2025-06-05 03:05:55'),
(4185, 146, 15, '', '2025-06-05 03:05:55'),
(4186, 146, 20, '', '2025-06-05 03:05:55'),
(4187, 146, 8, '', '2025-06-05 03:05:55'),
(4188, 147, 12, '', '2025-06-05 03:05:55'),
(4189, 147, 2, '', '2025-06-05 03:05:55'),
(4190, 147, 15, '', '2025-06-05 03:05:55'),
(4191, 147, 18, '', '2025-06-05 03:05:55'),
(4192, 147, 24, '', '2025-06-05 03:05:55'),
(4193, 147, 17, '', '2025-06-05 03:05:55'),
(4194, 147, 7, '', '2025-06-05 03:05:55'),
(4195, 147, 19, '', '2025-06-05 03:05:55'),
(4196, 147, 4, '', '2025-06-05 03:05:55'),
(4197, 147, 9, '', '2025-06-05 03:05:55'),
(4198, 147, 8, '', '2025-06-05 03:05:55'),
(4199, 147, 19, '', '2025-06-05 03:05:55'),
(4200, 147, 4, '', '2025-06-05 03:05:55'),
(4201, 147, 11, '', '2025-06-05 03:05:55'),
(4202, 147, 21, '', '2025-06-05 03:05:55'),
(4203, 147, 18, '', '2025-06-05 03:05:55'),
(4204, 147, 19, '', '2025-06-05 03:05:55'),
(4205, 147, 19, '', '2025-06-05 03:05:55'),
(4206, 147, 19, '', '2025-06-05 03:05:55'),
(4207, 147, 17, '', '2025-06-05 03:05:55'),
(4208, 147, 10, '', '2025-06-05 03:05:55'),
(4209, 147, 4, '', '2025-06-05 03:05:55'),
(4210, 147, 1, '', '2025-06-05 03:05:55'),
(4211, 147, 13, '', '2025-06-05 03:05:55'),
(4212, 147, 8, '', '2025-06-05 03:05:55'),
(4213, 147, 23, '', '2025-06-05 03:05:55'),
(4214, 147, 16, '', '2025-06-05 03:05:55'),
(4215, 147, 6, '', '2025-06-05 03:05:55'),
(4216, 147, 8, '', '2025-06-05 03:05:55'),
(4217, 147, 9, '', '2025-06-05 03:05:55'),
(4218, 147, 21, '', '2025-06-05 03:05:55'),
(4219, 147, 2, '', '2025-06-05 03:05:55'),
(4220, 147, 15, '', '2025-06-05 03:05:55'),
(4221, 147, 4, '', '2025-06-05 03:05:55'),
(4222, 147, 11, '', '2025-06-05 03:05:55'),
(4223, 147, 9, '', '2025-06-05 03:05:55'),
(4224, 147, 23, '', '2025-06-05 03:05:55'),
(4225, 147, 12, '', '2025-06-05 03:05:55'),
(4226, 147, 17, '', '2025-06-05 03:05:55'),
(4227, 147, 11, '', '2025-06-05 03:05:55'),
(4228, 147, 15, '', '2025-06-05 03:05:55'),
(4229, 147, 2, '', '2025-06-05 03:05:55'),
(4230, 147, 5, '', '2025-06-05 03:05:55'),
(4231, 147, 23, '', '2025-06-05 03:05:55'),
(4232, 147, 6, '', '2025-06-05 03:05:55'),
(4233, 147, 5, '', '2025-06-05 03:05:55'),
(4234, 147, 4, '', '2025-06-05 03:05:55'),
(4235, 148, 6, '', '2025-06-05 03:05:55'),
(4236, 148, 9, '', '2025-06-05 03:05:55'),
(4237, 148, 5, '', '2025-06-05 03:05:55'),
(4238, 148, 15, '', '2025-06-05 03:05:55'),
(4239, 148, 24, '', '2025-06-05 03:05:55'),
(4240, 148, 2, '', '2025-06-05 03:05:55'),
(4241, 148, 23, '', '2025-06-05 03:05:55'),
(4242, 148, 9, '', '2025-06-05 03:05:55'),
(4243, 148, 18, '', '2025-06-05 03:05:55'),
(4244, 148, 14, '', '2025-06-05 03:05:55'),
(4245, 148, 20, '', '2025-06-05 03:05:55'),
(4246, 148, 21, '', '2025-06-05 03:05:55'),
(4247, 148, 24, '', '2025-06-05 03:05:55'),
(4248, 148, 19, '', '2025-06-05 03:05:55'),
(4249, 148, 7, '', '2025-06-05 03:05:55'),
(4250, 148, 9, '', '2025-06-05 03:05:55'),
(4251, 148, 22, '', '2025-06-05 03:05:55'),
(4252, 148, 13, '', '2025-06-05 03:05:55'),
(4253, 148, 6, '', '2025-06-05 03:05:55'),
(4254, 148, 1, '', '2025-06-05 03:05:55'),
(4255, 148, 24, '', '2025-06-05 03:05:55'),
(4256, 148, 4, '', '2025-06-05 03:05:55'),
(4257, 120, 10, '', '2025-06-05 03:05:55'),
(4258, 120, 12, '', '2025-06-05 03:05:55'),
(4259, 120, 18, '', '2025-06-05 03:05:55'),
(4260, 120, 14, '', '2025-06-05 03:05:55'),
(4261, 120, 2, '', '2025-06-05 03:05:55'),
(4262, 120, 15, '', '2025-06-05 03:05:55'),
(4263, 120, 2, '', '2025-06-05 03:05:55'),
(4264, 120, 7, '', '2025-06-05 03:05:55'),
(4265, 120, 8, '', '2025-06-05 03:05:55'),
(4266, 120, 16, '', '2025-06-05 03:05:55'),
(4267, 120, 17, '', '2025-06-05 03:05:55'),
(4268, 120, 16, '', '2025-06-05 03:05:55'),
(4269, 120, 5, '', '2025-06-05 03:05:55'),
(4270, 120, 10, '', '2025-06-05 03:05:55'),
(4271, 120, 21, '', '2025-06-05 03:05:55'),
(4272, 120, 15, '', '2025-06-05 03:05:55'),
(4273, 120, 10, '', '2025-06-05 03:05:55'),
(4274, 120, 1, '', '2025-06-05 03:05:55'),
(4275, 120, 15, '', '2025-06-05 03:05:55'),
(4276, 120, 11, '', '2025-06-05 03:05:55'),
(4277, 120, 8, '', '2025-06-05 03:05:55'),
(4278, 120, 18, '', '2025-06-05 03:05:55'),
(4279, 120, 13, '', '2025-06-05 03:05:55'),
(4280, 120, 22, '', '2025-06-05 03:05:55'),
(4281, 120, 6, '', '2025-06-05 03:05:55'),
(4282, 120, 5, '', '2025-06-05 03:05:55'),
(4283, 120, 6, '', '2025-06-05 03:05:55'),
(4284, 120, 7, '', '2025-06-05 03:05:55'),
(4285, 120, 17, '', '2025-06-05 03:05:55'),
(4286, 120, 6, '', '2025-06-05 03:05:55'),
(4287, 120, 5, '', '2025-06-05 03:05:55'),
(4288, 120, 16, '', '2025-06-05 03:05:55'),
(4289, 120, 7, '', '2025-06-05 03:05:55'),
(4290, 120, 18, '', '2025-06-05 03:05:55'),
(4291, 120, 19, '', '2025-06-05 03:05:55'),
(4292, 120, 21, '', '2025-06-05 03:05:55'),
(4293, 120, 7, '', '2025-06-05 03:05:55'),
(4294, 120, 12, '', '2025-06-05 03:05:55'),
(4295, 120, 15, '', '2025-06-05 03:05:55'),
(4296, 121, 19, '', '2025-06-05 03:05:55'),
(4297, 121, 22, '', '2025-06-05 03:05:55'),
(4298, 121, 23, '', '2025-06-05 03:05:55'),
(4299, 121, 6, '', '2025-06-05 03:05:55'),
(4300, 121, 7, '', '2025-06-05 03:05:55'),
(4301, 121, 22, '', '2025-06-05 03:05:55'),
(4302, 121, 23, '', '2025-06-05 03:05:55'),
(4303, 121, 14, '', '2025-06-05 03:05:55'),
(4304, 121, 24, '', '2025-06-05 03:05:55'),
(4305, 121, 1, '', '2025-06-05 03:05:55'),
(4306, 121, 7, '', '2025-06-05 03:05:55'),
(4307, 121, 22, '', '2025-06-05 03:05:55'),
(4308, 121, 1, '', '2025-06-05 03:05:55'),
(4309, 121, 18, '', '2025-06-05 03:05:55'),
(4310, 121, 6, '', '2025-06-05 03:05:55'),
(4311, 121, 21, '', '2025-06-05 03:05:55'),
(4312, 121, 8, '', '2025-06-05 03:05:55'),
(4313, 121, 24, '', '2025-06-05 03:05:55'),
(4314, 121, 5, '', '2025-06-05 03:05:55'),
(4315, 121, 11, '', '2025-06-05 03:05:55'),
(4316, 121, 24, '', '2025-06-05 03:05:55'),
(4317, 121, 18, '', '2025-06-05 03:05:55'),
(4318, 121, 2, '', '2025-06-05 03:05:55'),
(4319, 122, 9, '', '2025-06-05 03:05:55'),
(4320, 122, 12, '', '2025-06-05 03:05:55'),
(4321, 122, 7, '', '2025-06-05 03:05:55'),
(4322, 122, 21, '', '2025-06-05 03:05:55'),
(4323, 122, 22, '', '2025-06-05 03:05:55'),
(4324, 122, 12, '', '2025-06-05 03:05:55'),
(4325, 122, 2, '', '2025-06-05 03:05:55'),
(4326, 122, 17, '', '2025-06-05 03:05:55'),
(4327, 122, 6, '', '2025-06-05 03:05:55'),
(4328, 122, 24, '', '2025-06-05 03:05:55'),
(4329, 122, 19, '', '2025-06-05 03:05:55'),
(4330, 122, 21, '', '2025-06-05 03:05:55'),
(4331, 122, 23, '', '2025-06-05 03:05:55'),
(4332, 122, 24, '', '2025-06-05 03:05:55'),
(4333, 122, 9, '', '2025-06-05 03:05:55'),
(4334, 122, 12, '', '2025-06-05 03:05:55'),
(4335, 122, 11, '', '2025-06-05 03:05:55'),
(4336, 122, 8, '', '2025-06-05 03:05:55'),
(4337, 122, 2, '', '2025-06-05 03:05:55'),
(4338, 122, 21, '', '2025-06-05 03:05:55'),
(4339, 122, 1, '', '2025-06-05 03:05:55'),
(4340, 122, 9, '', '2025-06-05 03:05:55'),
(4341, 122, 17, '', '2025-06-05 03:05:55'),
(4342, 122, 1, '', '2025-06-05 03:05:55'),
(4343, 122, 11, '', '2025-06-05 03:05:55'),
(4344, 122, 22, '', '2025-06-05 03:05:55'),
(4345, 122, 18, '', '2025-06-05 03:05:55'),
(4346, 122, 24, '', '2025-06-05 03:05:55'),
(4347, 123, 15, '', '2025-06-05 03:05:55'),
(4348, 123, 6, '', '2025-06-05 03:05:55'),
(4349, 123, 19, '', '2025-06-05 03:05:55'),
(4350, 123, 12, '', '2025-06-05 03:05:55'),
(4351, 123, 14, '', '2025-06-05 03:05:55'),
(4352, 123, 5, '', '2025-06-05 03:05:55'),
(4353, 123, 20, '', '2025-06-05 03:05:55'),
(4354, 123, 15, '', '2025-06-05 03:05:55'),
(4355, 123, 20, '', '2025-06-05 03:05:55'),
(4356, 123, 11, '', '2025-06-05 03:05:55'),
(4357, 123, 5, '', '2025-06-05 03:05:55'),
(4358, 123, 14, '', '2025-06-05 03:05:55'),
(4359, 123, 22, '', '2025-06-05 03:05:55'),
(4360, 123, 16, '', '2025-06-05 03:05:55'),
(4361, 123, 8, '', '2025-06-05 03:05:55'),
(4362, 123, 18, '', '2025-06-05 03:05:55'),
(4363, 123, 15, '', '2025-06-05 03:05:55'),
(4364, 123, 5, '', '2025-06-05 03:05:55'),
(4365, 123, 5, '', '2025-06-05 03:05:55'),
(4366, 123, 20, '', '2025-06-05 03:05:55'),
(4367, 123, 21, '', '2025-06-05 03:05:55'),
(4368, 123, 8, '', '2025-06-05 03:05:55'),
(4369, 124, 21, '', '2025-06-05 03:05:55'),
(4370, 124, 13, '', '2025-06-05 03:05:55'),
(4371, 124, 21, '', '2025-06-05 03:05:55'),
(4372, 124, 4, '', '2025-06-05 03:05:55'),
(4373, 124, 10, '', '2025-06-05 03:05:55'),
(4374, 124, 19, '', '2025-06-05 03:05:55'),
(4375, 124, 4, '', '2025-06-05 03:05:55'),
(4376, 124, 1, '', '2025-06-05 03:05:55'),
(4377, 124, 19, '', '2025-06-05 03:05:55'),
(4378, 124, 15, '', '2025-06-05 03:05:55'),
(4379, 124, 6, '', '2025-06-05 03:05:55'),
(4380, 124, 1, '', '2025-06-05 03:05:55'),
(4381, 124, 23, '', '2025-06-05 03:05:55'),
(4382, 124, 7, '', '2025-06-05 03:05:55'),
(4383, 124, 7, '', '2025-06-05 03:05:55'),
(4384, 124, 21, '', '2025-06-05 03:05:55'),
(4385, 124, 16, '', '2025-06-05 03:05:55'),
(4386, 124, 17, '', '2025-06-05 03:05:55'),
(4387, 124, 15, '', '2025-06-05 03:05:55'),
(4388, 124, 13, '', '2025-06-05 03:05:55'),
(4389, 124, 17, '', '2025-06-05 03:05:55'),
(4390, 124, 24, '', '2025-06-05 03:05:55'),
(4391, 124, 21, '', '2025-06-05 03:05:55'),
(4392, 124, 17, '', '2025-06-05 03:05:55'),
(4393, 124, 19, '', '2025-06-05 03:05:55'),
(4394, 124, 8, '', '2025-06-05 03:05:55'),
(4395, 124, 12, '', '2025-06-05 03:05:55'),
(4396, 124, 12, '', '2025-06-05 03:05:55'),
(4397, 124, 8, '', '2025-06-05 03:05:55'),
(4398, 124, 18, '', '2025-06-05 03:05:55'),
(4399, 124, 22, '', '2025-06-05 03:05:55'),
(4400, 124, 22, '', '2025-06-05 03:05:55'),
(4401, 124, 13, '', '2025-06-05 03:05:55'),
(4402, 124, 15, '', '2025-06-05 03:05:55'),
(4403, 124, 13, '', '2025-06-05 03:05:55'),
(4404, 124, 15, '', '2025-06-05 03:05:55'),
(4405, 124, 4, '', '2025-06-05 03:05:55'),
(4406, 124, 17, '', '2025-06-05 03:05:55'),
(4407, 124, 10, '', '2025-06-05 03:05:55'),
(4408, 124, 15, '', '2025-06-05 03:05:55'),
(4409, 124, 14, '', '2025-06-05 03:05:55'),
(4410, 124, 24, '', '2025-06-05 03:05:55'),
(4411, 125, 21, '', '2025-06-05 03:05:55'),
(4412, 125, 23, '', '2025-06-05 03:05:55'),
(4413, 125, 10, '', '2025-06-05 03:05:55'),
(4414, 125, 1, '', '2025-06-05 03:05:55'),
(4415, 125, 9, '', '2025-06-05 03:05:55'),
(4416, 125, 22, '', '2025-06-05 03:05:55'),
(4417, 125, 10, '', '2025-06-05 03:05:55'),
(4418, 125, 22, '', '2025-06-05 03:05:55'),
(4419, 125, 6, '', '2025-06-05 03:05:55'),
(4420, 125, 13, '', '2025-06-05 03:05:55'),
(4421, 125, 19, '', '2025-06-05 03:05:55'),
(4422, 125, 19, '', '2025-06-05 03:05:55'),
(4423, 125, 19, '', '2025-06-05 03:05:55'),
(4424, 125, 6, '', '2025-06-05 03:05:55'),
(4425, 125, 18, '', '2025-06-05 03:05:55'),
(4426, 125, 9, '', '2025-06-05 03:05:55'),
(4427, 125, 6, '', '2025-06-05 03:05:55'),
(4428, 125, 19, '', '2025-06-05 03:05:55'),
(4429, 125, 14, '', '2025-06-05 03:05:55'),
(4430, 125, 21, '', '2025-06-05 03:05:55'),
(4431, 125, 18, '', '2025-06-05 03:05:55'),
(4432, 125, 10, '', '2025-06-05 03:05:55'),
(4433, 125, 20, '', '2025-06-05 03:05:55'),
(4434, 125, 8, '', '2025-06-05 03:05:55'),
(4435, 125, 8, '', '2025-06-05 03:05:55'),
(4436, 125, 22, '', '2025-06-05 03:05:55'),
(4437, 125, 5, '', '2025-06-05 03:05:55'),
(4438, 125, 8, '', '2025-06-05 03:05:55'),
(4439, 125, 8, '', '2025-06-05 03:05:55'),
(4440, 125, 17, '', '2025-06-05 03:05:55'),
(4441, 125, 9, '', '2025-06-05 03:05:55'),
(4442, 125, 23, '', '2025-06-05 03:05:55'),
(4443, 125, 9, '', '2025-06-05 03:05:55'),
(4444, 27, 11, '', '2025-06-05 03:05:55'),
(4445, 27, 11, '', '2025-06-05 03:05:55'),
(4446, 27, 23, '', '2025-06-05 03:05:55'),
(4447, 27, 13, '', '2025-06-05 03:05:55'),
(4448, 27, 19, '', '2025-06-05 03:05:55'),
(4449, 27, 1, '', '2025-06-05 03:05:55'),
(4450, 27, 9, '', '2025-06-05 03:05:55'),
(4451, 27, 2, '', '2025-06-05 03:05:55'),
(4452, 27, 8, '', '2025-06-05 03:05:55'),
(4453, 27, 10, '', '2025-06-05 03:05:55'),
(4454, 27, 16, '', '2025-06-05 03:05:55'),
(4455, 27, 7, '', '2025-06-05 03:05:55'),
(4456, 27, 22, '', '2025-06-05 03:05:55'),
(4457, 27, 12, '', '2025-06-05 03:05:55'),
(4458, 27, 2, '', '2025-06-05 03:05:55'),
(4459, 27, 17, '', '2025-06-05 03:05:55'),
(4460, 27, 6, '', '2025-06-05 03:05:55'),
(4461, 27, 5, '', '2025-06-05 03:05:55'),
(4462, 27, 21, '', '2025-06-05 03:05:55'),
(4463, 27, 6, '', '2025-06-05 03:05:55'),
(4464, 27, 18, '', '2025-06-05 03:05:55'),
(4465, 27, 20, '', '2025-06-05 03:05:55'),
(4466, 27, 13, '', '2025-06-05 03:05:55'),
(4467, 27, 5, '', '2025-06-05 03:05:55'),
(4468, 27, 10, '', '2025-06-05 03:05:55'),
(4469, 27, 18, '', '2025-06-05 03:05:55'),
(4470, 27, 9, '', '2025-06-05 03:05:55'),
(4471, 27, 8, '', '2025-06-05 03:05:55'),
(4472, 27, 24, '', '2025-06-05 03:05:55'),
(4473, 27, 6, '', '2025-06-05 03:05:55'),
(4474, 27, 24, '', '2025-06-05 03:05:55'),
(4475, 27, 9, '', '2025-06-05 03:05:55'),
(4476, 27, 11, '', '2025-06-05 03:05:55'),
(4477, 27, 15, '', '2025-06-05 03:05:55'),
(4478, 27, 17, '', '2025-06-05 03:05:55'),
(4479, 27, 7, '', '2025-06-05 03:05:55'),
(4480, 28, 23, '', '2025-06-05 03:05:55'),
(4481, 28, 17, '', '2025-06-05 03:05:55'),
(4482, 28, 10, '', '2025-06-05 03:05:55'),
(4483, 28, 23, '', '2025-06-05 03:05:55'),
(4484, 28, 19, '', '2025-06-05 03:05:55'),
(4485, 28, 20, '', '2025-06-05 03:05:55'),
(4486, 28, 10, '', '2025-06-05 03:05:55'),
(4487, 28, 12, '', '2025-06-05 03:05:55'),
(4488, 28, 24, '', '2025-06-05 03:05:55'),
(4489, 28, 12, '', '2025-06-05 03:05:55'),
(4490, 28, 5, '', '2025-06-05 03:05:55'),
(4491, 28, 21, '', '2025-06-05 03:05:55'),
(4492, 28, 12, '', '2025-06-05 03:05:55'),
(4493, 28, 14, '', '2025-06-05 03:05:55'),
(4494, 28, 16, '', '2025-06-05 03:05:55'),
(4495, 28, 4, '', '2025-06-05 03:05:55'),
(4496, 28, 7, '', '2025-06-05 03:05:55'),
(4497, 28, 7, '', '2025-06-05 03:05:55'),
(4498, 28, 23, '', '2025-06-05 03:05:55'),
(4499, 28, 14, '', '2025-06-05 03:05:55'),
(4500, 28, 5, '', '2025-06-05 03:05:55'),
(4501, 28, 20, '', '2025-06-05 03:05:55'),
(4502, 28, 16, '', '2025-06-05 03:05:55'),
(4503, 28, 9, '', '2025-06-05 03:05:55'),
(4504, 28, 24, '', '2025-06-05 03:05:55'),
(4505, 28, 5, '', '2025-06-05 03:05:55'),
(4506, 28, 1, '', '2025-06-05 03:05:55'),
(4507, 28, 11, '', '2025-06-05 03:05:55'),
(4508, 28, 23, '', '2025-06-05 03:05:55'),
(4509, 28, 21, '', '2025-06-05 03:05:55'),
(4510, 28, 6, '', '2025-06-05 03:05:55'),
(4511, 28, 17, '', '2025-06-05 03:05:55'),
(4512, 28, 21, '', '2025-06-05 03:05:55'),
(4513, 28, 17, '', '2025-06-05 03:05:55'),
(4514, 28, 19, '', '2025-06-05 03:05:55'),
(4515, 29, 4, '', '2025-06-05 03:05:55'),
(4516, 29, 10, '', '2025-06-05 03:05:55'),
(4517, 29, 11, '', '2025-06-05 03:05:55'),
(4518, 29, 23, '', '2025-06-05 03:05:55'),
(4519, 29, 20, '', '2025-06-05 03:05:55'),
(4520, 29, 14, '', '2025-06-05 03:05:55'),
(4521, 29, 24, '', '2025-06-05 03:05:55'),
(4522, 29, 17, '', '2025-06-05 03:05:55'),
(4523, 29, 23, '', '2025-06-05 03:05:55'),
(4524, 29, 6, '', '2025-06-05 03:05:55'),
(4525, 29, 5, '', '2025-06-05 03:05:55'),
(4526, 29, 14, '', '2025-06-05 03:05:55'),
(4527, 29, 22, '', '2025-06-05 03:05:55'),
(4528, 29, 8, '', '2025-06-05 03:05:55'),
(4529, 29, 13, '', '2025-06-05 03:05:55'),
(4530, 29, 24, '', '2025-06-05 03:05:55'),
(4531, 29, 21, '', '2025-06-05 03:05:55'),
(4532, 29, 10, '', '2025-06-05 03:05:55'),
(4533, 29, 18, '', '2025-06-05 03:05:55'),
(4534, 29, 5, '', '2025-06-05 03:05:55'),
(4535, 29, 12, '', '2025-06-05 03:05:55'),
(4536, 29, 12, '', '2025-06-05 03:05:55'),
(4537, 29, 9, '', '2025-06-05 03:05:55'),
(4538, 29, 8, '', '2025-06-05 03:05:55'),
(4539, 29, 15, '', '2025-06-05 03:05:55'),
(4540, 29, 2, '', '2025-06-05 03:05:55'),
(4541, 29, 19, '', '2025-06-05 03:05:55'),
(4542, 29, 17, '', '2025-06-05 03:05:55'),
(4543, 29, 10, '', '2025-06-05 03:05:55'),
(4544, 29, 4, '', '2025-06-05 03:05:55'),
(4545, 29, 20, '', '2025-06-05 03:05:55'),
(4546, 29, 12, '', '2025-06-05 03:05:55'),
(4547, 29, 18, '', '2025-06-05 03:05:55'),
(4548, 29, 16, '', '2025-06-05 03:05:55'),
(4549, 29, 7, '', '2025-06-05 03:05:55'),
(4550, 29, 1, '', '2025-06-05 03:05:55'),
(4551, 29, 21, '', '2025-06-05 03:05:55'),
(4552, 30, 11, '', '2025-06-05 03:05:55'),
(4553, 30, 6, '', '2025-06-05 03:05:55'),
(4554, 30, 10, '', '2025-06-05 03:05:55'),
(4555, 30, 10, '', '2025-06-05 03:05:55'),
(4556, 30, 23, '', '2025-06-05 03:05:55'),
(4557, 30, 10, '', '2025-06-05 03:05:55'),
(4558, 30, 17, '', '2025-06-05 03:05:55'),
(4559, 30, 9, '', '2025-06-05 03:05:55'),
(4560, 30, 11, '', '2025-06-05 03:05:55'),
(4561, 30, 19, '', '2025-06-05 03:05:55'),
(4562, 30, 24, '', '2025-06-05 03:05:55'),
(4563, 30, 14, '', '2025-06-05 03:05:55'),
(4564, 30, 11, '', '2025-06-05 03:05:55'),
(4565, 30, 23, '', '2025-06-05 03:05:55'),
(4566, 30, 10, '', '2025-06-05 03:05:55'),
(4567, 30, 8, '', '2025-06-05 03:05:55'),
(4568, 30, 15, '', '2025-06-05 03:05:55'),
(4569, 30, 1, '', '2025-06-05 03:05:55'),
(4570, 30, 22, '', '2025-06-05 03:05:55'),
(4571, 30, 24, '', '2025-06-05 03:05:55'),
(4572, 30, 11, '', '2025-06-05 03:05:55'),
(4573, 30, 1, '', '2025-06-05 03:05:55'),
(4574, 30, 21, '', '2025-06-05 03:05:55'),
(4575, 30, 23, '', '2025-06-05 03:05:55'),
(4576, 30, 15, '', '2025-06-05 03:05:55'),
(4577, 30, 4, '', '2025-06-05 03:05:55'),
(4578, 30, 17, '', '2025-06-05 03:05:55'),
(4579, 30, 17, '', '2025-06-05 03:05:55'),
(4580, 30, 5, '', '2025-06-05 03:05:55'),
(4581, 30, 21, '', '2025-06-05 03:05:55'),
(4582, 30, 21, '', '2025-06-05 03:05:55'),
(4583, 30, 7, '', '2025-06-05 03:05:55'),
(4584, 30, 7, '', '2025-06-05 03:05:55'),
(4585, 31, 24, '', '2025-06-05 03:05:55'),
(4586, 31, 16, '', '2025-06-05 03:05:55'),
(4587, 31, 8, '', '2025-06-05 03:05:55'),
(4588, 31, 16, '', '2025-06-05 03:05:55'),
(4589, 31, 5, '', '2025-06-05 03:05:55'),
(4590, 31, 6, '', '2025-06-05 03:05:55'),
(4591, 31, 2, '', '2025-06-05 03:05:55'),
(4592, 31, 22, '', '2025-06-05 03:05:55'),
(4593, 31, 9, '', '2025-06-05 03:05:55'),
(4594, 31, 6, '', '2025-06-05 03:05:55'),
(4595, 31, 9, '', '2025-06-05 03:05:55'),
(4596, 31, 2, '', '2025-06-05 03:05:55'),
(4597, 31, 13, '', '2025-06-05 03:05:55'),
(4598, 31, 15, '', '2025-06-05 03:05:55'),
(4599, 31, 24, '', '2025-06-05 03:05:55'),
(4600, 31, 11, '', '2025-06-05 03:05:55'),
(4601, 31, 12, '', '2025-06-05 03:05:55'),
(4602, 31, 10, '', '2025-06-05 03:05:55'),
(4603, 31, 8, '', '2025-06-05 03:05:55'),
(4604, 31, 4, '', '2025-06-05 03:05:55'),
(4605, 31, 14, '', '2025-06-05 03:05:55'),
(4606, 31, 4, '', '2025-06-05 03:05:55'),
(4607, 31, 14, '', '2025-06-05 03:05:55'),
(4608, 31, 12, '', '2025-06-05 03:05:55'),
(4609, 31, 12, '', '2025-06-05 03:05:55'),
(4610, 31, 10, '', '2025-06-05 03:05:55'),
(4611, 31, 1, '', '2025-06-05 03:05:55'),
(4612, 31, 6, '', '2025-06-05 03:05:55'),
(4613, 32, 7, '', '2025-06-05 03:05:55'),
(4614, 32, 19, '', '2025-06-05 03:05:55'),
(4615, 32, 20, '', '2025-06-05 03:05:55'),
(4616, 32, 24, '', '2025-06-05 03:05:55'),
(4617, 32, 13, '', '2025-06-05 03:05:55'),
(4618, 32, 4, '', '2025-06-05 03:05:55'),
(4619, 32, 16, '', '2025-06-05 03:05:55'),
(4620, 32, 2, '', '2025-06-05 03:05:55'),
(4621, 32, 5, '', '2025-06-05 03:05:55'),
(4622, 32, 9, '', '2025-06-05 03:05:55'),
(4623, 32, 15, '', '2025-06-05 03:05:55'),
(4624, 32, 21, '', '2025-06-05 03:05:55'),
(4625, 32, 17, '', '2025-06-05 03:05:55'),
(4626, 32, 19, '', '2025-06-05 03:05:55'),
(4627, 32, 4, '', '2025-06-05 03:05:55'),
(4628, 32, 1, '', '2025-06-05 03:05:55'),
(4629, 32, 2, '', '2025-06-05 03:05:55'),
(4630, 32, 2, '', '2025-06-05 03:05:55'),
(4631, 32, 1, '', '2025-06-05 03:05:55'),
(4632, 32, 5, '', '2025-06-05 03:05:55'),
(4633, 32, 15, '', '2025-06-05 03:05:55'),
(4634, 32, 19, '', '2025-06-05 03:05:55'),
(4635, 32, 2, '', '2025-06-05 03:05:55'),
(4636, 32, 20, '', '2025-06-05 03:05:55'),
(4637, 32, 10, '', '2025-06-05 03:05:55'),
(4638, 32, 11, '', '2025-06-05 03:05:55'),
(4639, 32, 1, '', '2025-06-05 03:05:55'),
(4640, 15, 11, '', '2025-06-05 03:05:55'),
(4641, 15, 8, '', '2025-06-05 03:05:55'),
(4642, 15, 17, '', '2025-06-05 03:05:55'),
(4643, 15, 8, '', '2025-06-05 03:05:55'),
(4644, 15, 10, '', '2025-06-05 03:05:55'),
(4645, 15, 22, '', '2025-06-05 03:05:55'),
(4646, 15, 18, '', '2025-06-05 03:05:55'),
(4647, 15, 17, '', '2025-06-05 03:05:55'),
(4648, 15, 19, '', '2025-06-05 03:05:55'),
(4649, 15, 12, '', '2025-06-05 03:05:55'),
(4650, 15, 8, '', '2025-06-05 03:05:55'),
(4651, 15, 5, '', '2025-06-05 03:05:55'),
(4652, 15, 7, '', '2025-06-05 03:05:55'),
(4653, 15, 11, '', '2025-06-05 03:05:55'),
(4654, 15, 23, '', '2025-06-05 03:05:55'),
(4655, 15, 20, '', '2025-06-05 03:05:55'),
(4656, 15, 10, '', '2025-06-05 03:05:55'),
(4657, 15, 21, '', '2025-06-05 03:05:55'),
(4658, 15, 24, '', '2025-06-05 03:05:55'),
(4659, 15, 1, '', '2025-06-05 03:05:55'),
(4660, 15, 6, '', '2025-06-05 03:05:55'),
(4661, 15, 21, '', '2025-06-05 03:05:55'),
(4662, 15, 18, '', '2025-06-05 03:05:55'),
(4663, 16, 9, '', '2025-06-05 03:05:55'),
(4664, 16, 20, '', '2025-06-05 03:05:55'),
(4665, 16, 20, '', '2025-06-05 03:05:55'),
(4666, 16, 4, '', '2025-06-05 03:05:55'),
(4667, 16, 10, '', '2025-06-05 03:05:55'),
(4668, 16, 22, '', '2025-06-05 03:05:55'),
(4669, 16, 14, '', '2025-06-05 03:05:55'),
(4670, 16, 23, '', '2025-06-05 03:05:55'),
(4671, 16, 14, '', '2025-06-05 03:05:55'),
(4672, 16, 18, '', '2025-06-05 03:05:55'),
(4673, 16, 11, '', '2025-06-05 03:05:55'),
(4674, 16, 10, '', '2025-06-05 03:05:55'),
(4675, 16, 17, '', '2025-06-05 03:05:55'),
(4676, 16, 6, '', '2025-06-05 03:05:55'),
(4677, 16, 15, '', '2025-06-05 03:05:55'),
(4678, 16, 16, '', '2025-06-05 03:05:55'),
(4679, 16, 20, '', '2025-06-05 03:05:55'),
(4680, 16, 8, '', '2025-06-05 03:05:55'),
(4681, 16, 24, '', '2025-06-05 03:05:55'),
(4682, 16, 21, '', '2025-06-05 03:05:55'),
(4683, 16, 19, '', '2025-06-05 03:05:55'),
(4684, 16, 19, '', '2025-06-05 03:05:55'),
(4685, 16, 16, '', '2025-06-05 03:05:55'),
(4686, 16, 10, '', '2025-06-05 03:05:55'),
(4687, 16, 13, '', '2025-06-05 03:05:55'),
(4688, 16, 24, '', '2025-06-05 03:05:55'),
(4689, 16, 23, '', '2025-06-05 03:05:55'),
(4690, 16, 21, '', '2025-06-05 03:05:55'),
(4691, 16, 16, '', '2025-06-05 03:05:55'),
(4692, 16, 24, '', '2025-06-05 03:05:55'),
(4693, 16, 4, '', '2025-06-05 03:05:55'),
(4694, 16, 1, '', '2025-06-05 03:05:55'),
(4695, 16, 1, '', '2025-06-05 03:05:55'),
(4696, 16, 24, '', '2025-06-05 03:05:55'),
(4697, 16, 2, '', '2025-06-05 03:05:55'),
(4698, 16, 12, '', '2025-06-05 03:05:55'),
(4699, 16, 14, '', '2025-06-05 03:05:55'),
(4700, 16, 23, '', '2025-06-05 03:05:55'),
(4701, 16, 7, '', '2025-06-05 03:05:55'),
(4702, 16, 23, '', '2025-06-05 03:05:55'),
(4703, 16, 20, '', '2025-06-05 03:05:55'),
(4704, 16, 7, '', '2025-06-05 03:05:55'),
(4705, 16, 17, '', '2025-06-05 03:05:55'),
(4706, 16, 17, '', '2025-06-05 03:05:55'),
(4707, 16, 23, '', '2025-06-05 03:05:55'),
(4708, 16, 14, '', '2025-06-05 03:05:55'),
(4709, 16, 22, '', '2025-06-05 03:05:55'),
(4710, 16, 2, '', '2025-06-05 03:05:55'),
(4711, 16, 4, '', '2025-06-05 03:05:55'),
(4712, 17, 23, '', '2025-06-05 03:05:55'),
(4713, 17, 12, '', '2025-06-05 03:05:55'),
(4714, 17, 15, '', '2025-06-05 03:05:55'),
(4715, 17, 12, '', '2025-06-05 03:05:55'),
(4716, 17, 13, '', '2025-06-05 03:05:55'),
(4717, 17, 9, '', '2025-06-05 03:05:55'),
(4718, 17, 22, '', '2025-06-05 03:05:55'),
(4719, 17, 17, '', '2025-06-05 03:05:55'),
(4720, 17, 15, '', '2025-06-05 03:05:55'),
(4721, 17, 24, '', '2025-06-05 03:05:55'),
(4722, 17, 9, '', '2025-06-05 03:05:55'),
(4723, 17, 20, '', '2025-06-05 03:05:55'),
(4724, 17, 7, '', '2025-06-05 03:05:55'),
(4725, 17, 18, '', '2025-06-05 03:05:55'),
(4726, 17, 2, '', '2025-06-05 03:05:55'),
(4727, 17, 21, '', '2025-06-05 03:05:55'),
(4728, 17, 4, '', '2025-06-05 03:05:55'),
(4729, 17, 13, '', '2025-06-05 03:05:55'),
(4730, 17, 20, '', '2025-06-05 03:05:55'),
(4731, 17, 17, '', '2025-06-05 03:05:55'),
(4732, 17, 8, '', '2025-06-05 03:05:55'),
(4733, 17, 24, '', '2025-06-05 03:05:55'),
(4734, 17, 6, '', '2025-06-05 03:05:55'),
(4735, 17, 23, '', '2025-06-05 03:05:55'),
(4736, 17, 20, '', '2025-06-05 03:05:55'),
(4737, 17, 11, '', '2025-06-05 03:05:55'),
(4738, 17, 17, '', '2025-06-05 03:05:55'),
(4739, 17, 13, '', '2025-06-05 03:05:55'),
(4740, 17, 18, '', '2025-06-05 03:05:55'),
(4741, 17, 23, '', '2025-06-05 03:05:55'),
(4742, 17, 7, '', '2025-06-05 03:05:55'),
(4743, 17, 16, '', '2025-06-05 03:05:55'),
(4744, 17, 13, '', '2025-06-05 03:05:55'),
(4745, 17, 7, '', '2025-06-05 03:05:55'),
(4746, 17, 24, '', '2025-06-05 03:05:55'),
(4747, 17, 18, '', '2025-06-05 03:05:55'),
(4748, 17, 7, '', '2025-06-05 03:05:55'),
(4749, 17, 10, '', '2025-06-05 03:05:55'),
(4750, 17, 24, '', '2025-06-05 03:05:55'),
(4751, 17, 1, '', '2025-06-05 03:05:55'),
(4752, 17, 15, '', '2025-06-05 03:05:55'),
(4753, 17, 2, '', '2025-06-05 03:05:55'),
(4754, 17, 16, '', '2025-06-05 03:05:55'),
(4755, 18, 2, '', '2025-06-05 03:05:55'),
(4756, 18, 14, '', '2025-06-05 03:05:55'),
(4757, 18, 9, '', '2025-06-05 03:05:55'),
(4758, 18, 20, '', '2025-06-05 03:05:55'),
(4759, 18, 10, '', '2025-06-05 03:05:55'),
(4760, 18, 12, '', '2025-06-05 03:05:55'),
(4761, 18, 14, '', '2025-06-05 03:05:55'),
(4762, 18, 9, '', '2025-06-05 03:05:55'),
(4763, 18, 2, '', '2025-06-05 03:05:55'),
(4764, 18, 2, '', '2025-06-05 03:05:55'),
(4765, 18, 24, '', '2025-06-05 03:05:55'),
(4766, 18, 7, '', '2025-06-05 03:05:55'),
(4767, 18, 8, '', '2025-06-05 03:05:55'),
(4768, 18, 8, '', '2025-06-05 03:05:55'),
(4769, 18, 22, '', '2025-06-05 03:05:55'),
(4770, 18, 19, '', '2025-06-05 03:05:55'),
(4771, 18, 1, '', '2025-06-05 03:05:55'),
(4772, 18, 1, '', '2025-06-05 03:05:55'),
(4773, 18, 19, '', '2025-06-05 03:05:55'),
(4774, 18, 15, '', '2025-06-05 03:05:55'),
(4775, 18, 17, '', '2025-06-05 03:05:55'),
(4776, 18, 22, '', '2025-06-05 03:05:55'),
(4777, 18, 24, '', '2025-06-05 03:05:55'),
(4778, 18, 21, '', '2025-06-05 03:05:55'),
(4779, 18, 2, '', '2025-06-05 03:05:55'),
(4780, 18, 12, '', '2025-06-05 03:05:55'),
(4781, 18, 18, '', '2025-06-05 03:05:55'),
(4782, 18, 4, '', '2025-06-05 03:05:55'),
(4783, 18, 13, '', '2025-06-05 03:05:55'),
(4784, 18, 13, '', '2025-06-05 03:05:55'),
(4785, 18, 5, '', '2025-06-05 03:05:55'),
(4786, 18, 9, '', '2025-06-05 03:05:55'),
(4787, 18, 9, '', '2025-06-05 03:05:55'),
(4788, 18, 14, '', '2025-06-05 03:05:55'),
(4789, 18, 19, '', '2025-06-05 03:05:55'),
(4790, 18, 9, '', '2025-06-05 03:05:55'),
(4791, 18, 6, '', '2025-06-05 03:05:55'),
(4792, 18, 15, '', '2025-06-05 03:05:55'),
(4793, 19, 19, '', '2025-06-05 03:05:55'),
(4794, 19, 14, '', '2025-06-05 03:05:55'),
(4795, 19, 19, '', '2025-06-05 03:05:55'),
(4796, 19, 17, '', '2025-06-05 03:05:55'),
(4797, 19, 10, '', '2025-06-05 03:05:55'),
(4798, 19, 14, '', '2025-06-05 03:05:55'),
(4799, 19, 16, '', '2025-06-05 03:05:55'),
(4800, 19, 13, '', '2025-06-05 03:05:55'),
(4801, 19, 2, '', '2025-06-05 03:05:55'),
(4802, 19, 13, '', '2025-06-05 03:05:55'),
(4803, 19, 18, '', '2025-06-05 03:05:55'),
(4804, 19, 1, '', '2025-06-05 03:05:55'),
(4805, 19, 4, '', '2025-06-05 03:05:55'),
(4806, 19, 17, '', '2025-06-05 03:05:55'),
(4807, 19, 7, '', '2025-06-05 03:05:55'),
(4808, 19, 5, '', '2025-06-05 03:05:55'),
(4809, 19, 11, '', '2025-06-05 03:05:55'),
(4810, 19, 5, '', '2025-06-05 03:05:55'),
(4811, 19, 20, '', '2025-06-05 03:05:55'),
(4812, 19, 7, '', '2025-06-05 03:05:55'),
(4813, 19, 2, '', '2025-06-05 03:05:55'),
(4814, 19, 22, '', '2025-06-05 03:05:55'),
(4815, 19, 11, '', '2025-06-05 03:05:55'),
(4816, 19, 5, '', '2025-06-05 03:05:55'),
(4817, 19, 15, '', '2025-06-05 03:05:55'),
(4818, 19, 11, '', '2025-06-05 03:05:55'),
(4819, 19, 11, '', '2025-06-05 03:05:55'),
(4820, 19, 18, '', '2025-06-05 03:05:55'),
(4821, 19, 24, '', '2025-06-05 03:05:55'),
(4822, 19, 7, '', '2025-06-05 03:05:55'),
(4823, 19, 9, '', '2025-06-05 03:05:55'),
(4824, 19, 6, '', '2025-06-05 03:05:55'),
(4825, 19, 5, '', '2025-06-05 03:05:55'),
(4826, 19, 6, '', '2025-06-05 03:05:55'),
(4827, 19, 4, '', '2025-06-05 03:05:55'),
(4828, 19, 11, '', '2025-06-05 03:05:55'),
(4829, 19, 7, '', '2025-06-05 03:05:55'),
(4830, 19, 22, '', '2025-06-05 03:05:55'),
(4831, 19, 14, '', '2025-06-05 03:05:55'),
(4832, 19, 13, '', '2025-06-05 03:05:55'),
(4833, 19, 11, '', '2025-06-05 03:05:55'),
(4834, 19, 5, '', '2025-06-05 03:05:55'),
(4835, 19, 17, '', '2025-06-05 03:05:55'),
(4836, 19, 10, '', '2025-06-05 03:05:55'),
(4837, 19, 16, '', '2025-06-05 03:05:55'),
(4838, 19, 9, '', '2025-06-05 03:05:55'),
(4839, 19, 20, '', '2025-06-05 03:05:55'),
(4840, 19, 10, '', '2025-06-05 03:05:55'),
(4841, 20, 18, '', '2025-06-05 03:05:55'),
(4842, 20, 20, '', '2025-06-05 03:05:55'),
(4843, 20, 15, '', '2025-06-05 03:05:55'),
(4844, 20, 22, '', '2025-06-05 03:05:55'),
(4845, 20, 18, '', '2025-06-05 03:05:55'),
(4846, 20, 7, '', '2025-06-05 03:05:55'),
(4847, 20, 24, '', '2025-06-05 03:05:55'),
(4848, 20, 12, '', '2025-06-05 03:05:55'),
(4849, 20, 8, '', '2025-06-05 03:05:55'),
(4850, 20, 20, '', '2025-06-05 03:05:55'),
(4851, 20, 15, '', '2025-06-05 03:05:55'),
(4852, 20, 11, '', '2025-06-05 03:05:55'),
(4853, 20, 12, '', '2025-06-05 03:05:55'),
(4854, 20, 15, '', '2025-06-05 03:05:55'),
(4855, 20, 23, '', '2025-06-05 03:05:55'),
(4856, 20, 21, '', '2025-06-05 03:05:55'),
(4857, 20, 24, '', '2025-06-05 03:05:55'),
(4858, 20, 5, '', '2025-06-05 03:05:55'),
(4859, 20, 2, '', '2025-06-05 03:05:55'),
(4860, 20, 7, '', '2025-06-05 03:05:55'),
(4861, 20, 23, '', '2025-06-05 03:05:55'),
(4862, 20, 10, '', '2025-06-05 03:05:55'),
(4863, 20, 24, '', '2025-06-05 03:05:55');

-- --------------------------------------------------------

--
-- Table structure for table `related_posts`
--

CREATE TABLE `related_posts` (
  `post_id` int(11) NOT NULL,
  `related_post_id` int(11) NOT NULL
) ENGINE=InnoDB DEFAULT CHARSET=utf8mb4 COLLATE=utf8mb4_general_ci;

--
-- Dumping data for table `related_posts`
--

INSERT INTO `related_posts` (`post_id`, `related_post_id`) VALUES
(15, 78),
(15, 133),
(16, 26),
(16, 39),
(16, 123),
(16, 146),
(17, 24),
(17, 132),
(18, 21),
(18, 49),
(18, 67),
(18, 138),
(19, 108),
(19, 114),
(20, 89),
(20, 139),
(21, 59),
(21, 97),
(22, 49),
(22, 124),
(22, 143),
(23, 66),
(23, 94),
(23, 121),
(24, 125),
(24, 136),
(25, 36),
(25, 40),
(25, 89),
(26, 59),
(26, 111),
(26, 146),
(27, 60),
(27, 113),
(27, 135),
(28, 76),
(28, 125),
(29, 30),
(29, 74),
(29, 145),
(30, 43),
(30, 103),
(30, 122),
(31, 41),
(31, 140),
(32, 42),
(32, 44),
(33, 89),
(33, 98),
(34, 46),
(34, 94),
(34, 99),
(34, 136),
(35, 120),
(35, 141),
(35, 147),
(36, 21),
(36, 92),
(36, 110),
(37, 24),
(37, 80),
(37, 96),
(37, 137),
(38, 105),
(38, 140),
(39, 95),
(39, 113),
(39, 140),
(40, 38),
(40, 52),
(40, 113),
(41, 95),
(41, 106),
(41, 124),
(42, 32),
(42, 70),
(42, 104),
(43, 83),
(43, 114),
(43, 135),
(43, 142),
(44, 58),
(44, 71),
(44, 76),
(45, 100),
(45, 115),
(45, 125),
(46, 57),
(46, 76),
(46, 85),
(46, 96),
(47, 41),
(47, 87),
(48, 29),
(48, 54),
(48, 69),
(48, 144),
(49, 73),
(49, 81),
(49, 140),
(50, 55),
(50, 75),
(51, 39),
(51, 46),
(51, 55),
(51, 114),
(52, 42),
(52, 48),
(52, 113),
(52, 121),
(53, 86),
(53, 113),
(54, 40),
(54, 69),
(54, 106),
(55, 34),
(55, 76),
(55, 88),
(55, 98),
(56, 81),
(56, 145),
(57, 86),
(57, 109),
(57, 126),
(57, 134),
(58, 76),
(58, 139),
(59, 20),
(59, 76),
(59, 97),
(60, 96),
(60, 97),
(61, 64),
(61, 100),
(62, 98),
(62, 139),
(63, 37),
(63, 107),
(64, 44),
(64, 71),
(65, 16),
(65, 84),
(65, 112),
(66, 82),
(66, 101),
(66, 117),
(66, 123),
(67, 15),
(67, 69),
(67, 101),
(67, 113),
(68, 19),
(68, 126),
(69, 35),
(69, 38),
(69, 121),
(70, 52),
(70, 103),
(71, 20),
(71, 68),
(72, 75),
(72, 95),
(72, 133),
(73, 47),
(73, 62),
(73, 138),
(74, 85),
(74, 107),
(74, 142),
(75, 52),
(75, 108),
(75, 109),
(75, 123),
(76, 71),
(76, 73),
(76, 124),
(76, 128),
(77, 73),
(77, 87),
(77, 128),
(77, 144),
(78, 64),
(78, 70),
(79, 121),
(79, 127),
(80, 74),
(80, 96),
(81, 29),
(81, 61),
(81, 120),
(82, 121),
(82, 127),
(83, 33),
(83, 128),
(84, 29),
(84, 33),
(84, 54),
(84, 96),
(85, 18),
(85, 142),
(86, 33),
(86, 105),
(86, 122),
(87, 30),
(87, 91),
(87, 122),
(87, 134),
(88, 22),
(88, 126),
(88, 131),
(88, 137),
(89, 22),
(89, 60),
(90, 15),
(90, 34),
(90, 131),
(91, 83),
(91, 87),
(91, 92),
(92, 55),
(92, 111),
(93, 33),
(93, 88),
(93, 106),
(93, 117),
(94, 90),
(94, 100),
(95, 73),
(95, 80),
(95, 115),
(95, 141),
(96, 91),
(96, 105),
(96, 146),
(96, 147),
(97, 121),
(97, 143),
(97, 145),
(98, 49),
(98, 114),
(99, 46),
(99, 78),
(100, 20),
(100, 42),
(101, 100),
(101, 116),
(102, 60),
(102, 128),
(103, 34),
(103, 53),
(103, 70),
(103, 113),
(104, 45),
(104, 64),
(104, 93),
(105, 26),
(105, 88),
(105, 111),
(105, 116),
(106, 118),
(106, 140),
(107, 25),
(107, 134),
(107, 136),
(108, 32),
(108, 60),
(108, 137),
(108, 141),
(109, 37),
(109, 40),
(109, 79),
(109, 136),
(110, 31),
(110, 63),
(110, 93),
(110, 148),
(111, 21),
(111, 28),
(111, 81),
(112, 27),
(112, 106),
(112, 113),
(113, 22),
(113, 30),
(113, 31),
(113, 72),
(114, 16),
(114, 95),
(114, 111),
(115, 36),
(115, 48),
(115, 118),
(115, 134),
(116, 30),
(116, 45),
(116, 66),
(116, 133),
(117, 59),
(117, 109),
(117, 125),
(117, 134),
(118, 17),
(118, 70),
(118, 110),
(119, 27),
(119, 64),
(119, 78),
(119, 107),
(120, 95),
(120, 122),
(120, 124),
(120, 141),
(121, 55),
(121, 71),
(121, 126),
(122, 28),
(122, 83),
(122, 111),
(123, 54),
(123, 131),
(124, 56),
(124, 103),
(124, 126),
(124, 129),
(125, 55),
(125, 104),
(125, 126),
(126, 32),
(126, 48),
(127, 96),
(127, 125),
(128, 17),
(128, 20),
(128, 21),
(128, 140),
(129, 40),
(129, 55),
(130, 22),
(130, 75),
(130, 86),
(131, 69),
(131, 80),
(131, 107),
(131, 139),
(132, 79),
(132, 116),
(133, 105),
(133, 121),
(134, 22),
(134, 38),
(134, 52),
(135, 36),
(135, 68),
(135, 129),
(136, 24),
(136, 38),
(136, 44),
(136, 111),
(137, 62),
(137, 64),
(137, 95),
(138, 29),
(138, 54),
(139, 85),
(139, 132),
(140, 81),
(140, 92),
(140, 107),
(141, 84),
(141, 108),
(141, 112),
(141, 135),
(142, 52),
(142, 108),
(142, 136),
(142, 141),
(143, 20),
(143, 112),
(144, 33),
(144, 86),
(144, 125),
(144, 126),
(145, 64),
(145, 102),
(146, 57),
(146, 130),
(147, 40),
(147, 76),
(147, 82),
(148, 65),
(148, 140);

-- --------------------------------------------------------

--
-- Table structure for table `users`
--

CREATE TABLE `users` (
  `id` int(11) NOT NULL,
  `username` varchar(50) NOT NULL,
  `email` varchar(100) NOT NULL,
  `password` varchar(255) NOT NULL,
  `created_at` timestamp NOT NULL DEFAULT current_timestamp()
) ENGINE=InnoDB DEFAULT CHARSET=utf8mb4 COLLATE=utf8mb4_general_ci;

--
-- Dumping data for table `users`
--

INSERT INTO `users` (`id`, `username`, `email`, `password`, `created_at`) VALUES
(1, 'masoud', 'mtaghipourj@gmail.com', '$2y$10$Y6LKplJUq1a.eNIWjVAxEu7Rj82CWDTZxFuEaUstY3o9ziIRI3pa6', '2025-06-05 00:16:28'),
(2, 'Matineh Mousavi', 'matineh.mousavi8200@gmail.com', '$2y$10$H44SLw8MLRZypRCm5szv4.Yb.6B6AWH3YKlt2AuFq0/RVG5djAMf2', '2025-06-05 02:38:02'),
(4, 'Parmida Mehrnikoo', 'Mehrnikoo.net@gmail.com', '$2y$10$.a10f7dnwWkRx97Bd9cYRej3qmduu4BStnyPqpws9RGLttd5suZZm', '2025-06-05 02:38:37'),
(5, 'Sara Sarfi', 'sarasarfi79@gmail.com', '$2y$10$djDMn/L//1E/wdkN/XYWXOvj2yPDNRD2C2/CYhjtK92PToLkmAhn.', '2025-06-05 02:38:50'),
(6, 'Fatemeh Binesh', 'fatemehbinesh17@gmail.com', '$2y$10$KCCd6vJVcFC.sCV.iR9/7.9qVAmAWrxs5xiKkhhOSFD4HNXavT2a2', '2025-06-05 02:39:05'),
(7, 'Danial Isaabadi', 'danial.isaabadi81@gmail.com', '$2y$10$1XVsqfLfxWyrdo2AciyHVerCsjUahWl0FoD1P6iUc5bp50XyF0c1i', '2025-06-05 02:39:20'),
(8, 'Aida Sadeghi', 'asv94974@gmail.com', '$2y$10$a8uUNlWtEHFzwdtgORFm/.NiZ/CMZgkUNMBXoq6czWhuKWkrZP5lC', '2025-06-05 02:39:33'),
(9, 'Amirhosein Tasharrofi', 'amirhosein.tasharrofi@gmail.com', '$2y$10$ArQx8jwLd1MtYkRqbi.YAOLTQLkdtENwSkZth0ot3JcbjSo2CmEnm', '2025-06-05 02:39:49'),
(10, 'Ali Daneshmand', 'daneshmanda8@gmail.com', '$2y$10$z8tUFeAtYLU7NieId0WAaedB/yqwrCfNwk/itaCc2cls/flR8WGpm', '2025-06-05 02:40:05'),
(11, 'Omid Haghgoo', 'O.Haghgoo@gmail.com', '$2y$10$Q/m3iMfBAiFiXYRRfCwwAOvjvk3FflnIflbB/q7ovLe.Q4771JDbi', '2025-06-05 02:40:26'),
(12, 'Mostafa Montazery', 'Mostafamtz@gmail.com', '$2y$10$MLxZ6ZXWKG6sKTHbxskXdu3ml8pnupUxIIjaCgJFFjPtLGIl7p9PC', '2025-06-05 02:40:42'),
(13, 'Shakila Shaker', 'shakilashaker80@gmail.com', '$2y$10$SWWpcuIB7Wb6SmzMxN1Vb.A85ziO2ylqvAA1.vSPVROsUJrT20ta.', '2025-06-05 02:41:00'),
(14, 'fatemeh khajeh', 'fatemeh.khajeh1404@gmail.com', '$2y$10$dP3jqNx48X9PyCRaVtyKYOpin9ehLvOpapI.gTS8ueYxYQV2Av3FO', '2025-06-05 02:41:12'),
(15, 'Mobina Amini', 'mobina.amini.web@gmail.com', '$2y$10$Lsz1Dc2CSNkgYrDH6RxzB.QMwWTcvF2lzrwsbWy8QbGqJOGjFSJHm', '2025-06-05 02:41:26'),
(16, 'Shahed Shirazi', 'shirazishaheds926@gmail.com', '$2y$10$w2JDg2R.NfbZcDR9osmjIOHzBh7HZJoPudLGR3MSNlG/wFYxp22uC', '2025-06-05 02:41:57'),
(17, 'amirhosseinasadi', 'amirhosseinasadi162@gmail.com', '$2y$10$/JRC8epn42J72m1A.EU84ebEpA3Fku8b5rjngUReiyU33sGmk5Hj6', '2025-06-05 02:42:18'),
(18, 'Ghazal Rezaei', 'rezaeighazal432@gmail.com', '$2y$10$kJ7bifl/flMe3eC.0XrEjOG7GQGugntUms4u2kDJPIfKcAb.e3xeK', '2025-06-05 02:42:29'),
(19, 'Mobina Fallah', 'flhmobinaa@gmail.com', '$2y$10$caGVBDc0VX9bqRb9ZRSusuKR.NRt71rC0n0eY8ZdDQ8bFIsP3V0rq', '2025-06-05 02:42:46'),
(20, 'Mahdieh panjei', 'mahdiehpanjei@gmail.com', '$2y$10$zk5Q56w5AJL/qwx77t6OuOGGJTDaPaTvo2yGi/wJulGeFcyfLWjQi', '2025-06-05 02:42:59'),
(21, 'taha sadeghi', 'taha18319113@gmail.com', '$2y$10$HdEjCTGYnCyGCUTX1GcCqejQ.n4IafSNxvRqPiOQcn0EGTesQf4Ei', '2025-06-05 02:43:13'),
(22, 'Sadjad Rezagholizadeh', 'sajjad.rz@gmail.com', '$2y$10$4hFzKyPIcH0wF1CPVzHK7etL6tWtIRPJ3b2bQhTwyADmjANKSVQTe', '2025-06-05 02:43:34'),
(23, 'ali babakordi', 'alibabakordi82@gmail.com', '$2y$10$H4kgFaJzkC8nf6g8UfVn4.HALyR9GBQpS53086c9flGcl5GuSzrny', '2025-06-05 02:43:50'),
(24, 'AbbasEsmaili', 'abbas@gmail.com', '$2y$10$zfFiVfmPI3VHfPUz9V/mWeVlkFzLduWHvsVpIBdysXf7qOcBSFfE.', '2025-06-05 02:44:04');

--
-- Indexes for dumped tables
--

--
-- Indexes for table `posts`
--
ALTER TABLE `posts`
  ADD PRIMARY KEY (`id`),
  ADD KEY `user_id` (`user_id`);

--
-- Indexes for table `post_views`
--
ALTER TABLE `post_views`
  ADD PRIMARY KEY (`id`),
  ADD KEY `post_id` (`post_id`),
  ADD KEY `user_id` (`user_id`);

--
-- Indexes for table `related_posts`
--
ALTER TABLE `related_posts`
  ADD PRIMARY KEY (`post_id`,`related_post_id`),
  ADD KEY `related_post_id` (`related_post_id`);

--
-- Indexes for table `users`
--
ALTER TABLE `users`
  ADD PRIMARY KEY (`id`),
  ADD UNIQUE KEY `email` (`email`);

--
-- AUTO_INCREMENT for dumped tables
--

--
-- AUTO_INCREMENT for table `posts`
--
ALTER TABLE `posts`
  MODIFY `id` int(11) NOT NULL AUTO_INCREMENT, AUTO_INCREMENT=149;

--
-- AUTO_INCREMENT for table `post_views`
--
ALTER TABLE `post_views`
  MODIFY `id` int(11) NOT NULL AUTO_INCREMENT, AUTO_INCREMENT=4864;

--
-- AUTO_INCREMENT for table `users`
--
ALTER TABLE `users`
  MODIFY `id` int(11) NOT NULL AUTO_INCREMENT, AUTO_INCREMENT=25;

--
-- Constraints for dumped tables
--

--
-- Constraints for table `posts`
--
ALTER TABLE `posts`
  ADD CONSTRAINT `posts_ibfk_1` FOREIGN KEY (`user_id`) REFERENCES `users` (`id`) ON DELETE CASCADE;

--
-- Constraints for table `post_views`
--
ALTER TABLE `post_views`
  ADD CONSTRAINT `post_views_ibfk_1` FOREIGN KEY (`post_id`) REFERENCES `posts` (`id`) ON DELETE CASCADE,
  ADD CONSTRAINT `post_views_ibfk_2` FOREIGN KEY (`user_id`) REFERENCES `users` (`id`) ON DELETE SET NULL;

--
-- Constraints for table `related_posts`
--
ALTER TABLE `related_posts`
  ADD CONSTRAINT `related_posts_ibfk_1` FOREIGN KEY (`post_id`) REFERENCES `posts` (`id`) ON DELETE CASCADE,
  ADD CONSTRAINT `related_posts_ibfk_2` FOREIGN KEY (`related_post_id`) REFERENCES `posts` (`id`) ON DELETE CASCADE;
COMMIT;

/*!40101 SET CHARACTER_SET_CLIENT=@OLD_CHARACTER_SET_CLIENT */;
/*!40101 SET CHARACTER_SET_RESULTS=@OLD_CHARACTER_SET_RESULTS */;
/*!40101 SET COLLATION_CONNECTION=@OLD_COLLATION_CONNECTION */;
